{
  "noise": 0.1,
  "n_seeds": 5,
  "sim_cfg": {
    "N": 1024,
    "k": 12,
    "rho": 1.0,
    "v0": 0.05,
    "noise": 0.1,
    "dt": 1.0,
    "include_self_in_alignment": false,
    "dtype": "<class 'jax.numpy.float32'>",
    "L": 10.079368399158984
  },
  "exp_cfg": {
    "burnin_steps": 20000,
    "measure_steps": 50000,
    "max_lag": 8192,
    "dense_until": 128,
    "log_points": 48,
    "n_origins": 24,
    "lifetime_every": 8,
    "frustration_threshold": 0.5,
    "frustration_phi_threshold": 0.8,
    "cluster_overlap_threshold": 0.3,
    "nn_block": 1024,
    "eps": 1e-12
  },
  "scalars": {
    "phi_mean": {
      "mean": 0.4301183159152666,
      "se": 0.005116739921442376,
      "ci_lo": 0.42046625812848404,
      "ci_hi": 0.4379296677807966,
      "all": [
        0.42795636629064876,
        0.43949909632404643,
        0.41162527600924176,
        0.4393192008137703,
        0.4321916401386261
      ]
    },
    "ell_nn2": {
      "mean": 0.3265204024811586,
      "se": 0.0008784171888140923,
      "ci_lo": 0.3248328941625853,
      "ci_hi": 0.32779752810796103,
      "all": [
        0.32821865007281303,
        0.3267674384017785,
        0.3232842336098353,
        0.3263973134259383,
        0.3279343768954277
      ]
    },
    "tau_rw": {
      "mean": 466.41271862280473,
      "se": 4.914458397662755,
      "ci_lo": 457.32846001769593,
      "ci_hi": 474.67618395377065,
      "all": [
        478.02024829266406,
        459.42542671696134,
        451.1235920730978,
        473.84609715222473,
        469.6482288790758
      ]
    },
    "tau_rw_1e": {
      "mean": 366.91587994900857,
      "se": 3.9403980103982956,
      "ci_lo": 359.79541015492543,
      "ci_hi": 373.6248471955813,
      "all": [
        377.14591897537747,
        362.1504176449954,
        356.2628989198206,
        364.2079303825471,
        374.8122338223021
      ]
    },
    "tau_rw_window_limited": {
      "mean": 0.0,
      "se": 0.0,
      "ci_lo": 0.0,
      "ci_hi": 0.0,
      "all": [
        0.0,
        0.0,
        0.0,
        0.0,
        0.0
      ]
    },
    "tau_rel": {
      "mean": 2.946391496186134,
      "se": 0.20570093319220634,
      "ci_lo": 2.6650616661703,
      "ci_hi": 3.3668713593876958,
      "all": [
        2.8325707185755524,
        2.8299178331182553,
        3.7437373519988633,
        2.770574022366336,
        2.555157554871663
      ]
    },
    "tau_rel_1e": {
      "mean": 0.7317758841119428,
      "se": 0.001795572983951838,
      "ci_lo": 0.7291270377432033,
      "ci_hi": 0.7345873326623009,
      "all": [
        0.7262289208951165,
        0.7304301194606844,
        0.7373430832255141,
        0.7325601889739836,
        0.7323171080044154
      ]
    },
    "tau_rel_window_limited": {
      "mean": 0.0,
      "se": 0.0,
      "ci_lo": 0.0,
      "ci_hi": 0.0,
      "all": [
        0.0,
        0.0,
        0.0,
        0.0,
        0.0
      ]
    },
    "tau_cage": {
      "mean": 40.716540985306594,
      "se": 0.967154614891861,
      "ci_lo": 38.63235297029052,
      "ci_hi": 42.04263033424843,
      "all": [
        41.83495598899195,
        40.95402900535023,
        37.091190233712744,
        40.93416514496413,
        42.768364553513905
      ]
    },
    "tau_cage_window_limited": {
      "mean": 0.0,
      "se": 0.0,
      "ci_lo": 0.0,
      "ci_hi": 0.0,
      "all": [
        0.0,
        0.0,
        0.0,
        0.0,
        0.0
      ]
    },
    "fr_n_tracks": {
      "mean": 0.0,
      "se": 0.0,
      "ci_lo": 0.0,
      "ci_hi": 0.0,
      "all": [
        0.0,
        0.0,
        0.0,
        0.0,
        0.0
      ]
    },
    "fr_mean_lifetime": {
      "mean": 0.0,
      "se": 0.0,
      "ci_lo": 0.0,
      "ci_hi": 0.0,
      "all": [
        0.0,
        0.0,
        0.0,
        0.0,
        0.0
      ]
    },
    "fr_median_lifetime": {
      "mean": 0.0,
      "se": 0.0,
      "ci_lo": 0.0,
      "ci_hi": 0.0,
      "all": [
        0.0,
        0.0,
        0.0,
        0.0,
        0.0
      ]
    },
    "fr_p90_lifetime": {
      "mean": 0.0,
      "se": 0.0,
      "ci_lo": 0.0,
      "ci_hi": 0.0,
      "all": [
        0.0,
        0.0,
        0.0,
        0.0,
        0.0
      ]
    },
    "fr_max_lifetime": {
      "mean": 0.0,
      "se": 0.0,
      "ci_lo": 0.0,
      "ci_hi": 0.0,
      "all": [
        0.0,
        0.0,
        0.0,
        0.0,
        0.0
      ]
    },
    "fr_tail_frac_ge_100": {
      "mean": 0.0,
      "se": 0.0,
      "ci_lo": 0.0,
      "ci_hi": 0.0,
      "all": [
        0.0,
        0.0,
        0.0,
        0.0,
        0.0
      ]
    },
    "fr_censored_frac": {
      "mean": 0.0,
      "se": 0.0,
      "ci_lo": 0.0,
      "ci_hi": 0.0,
      "all": [
        0.0,
        0.0,
        0.0,
        0.0,
        0.0
      ]
    },
    "fr_frames_with_clusters_frac": {
      "mean": 0.0,
      "se": 0.0,
      "ci_lo": 0.0,
      "ci_hi": 0.0,
      "all": [
        0.0,
        0.0,
        0.0,
        0.0,
        0.0
      ]
    }
  },
  "hysteresis": {
    "enabled": true,
    "D": [
      0.005,
      0.02,
      0.05,
      0.0738,
      0.1,
      0.15
    ],
    "phi_down": [
      0.9864229957262675,
      0.9425442020098368,
      0.8305014769236246,
      0.6945932706197103,
      0.4270699818929036,
      0.07011072089274724
    ],
    "phi_up": [
      0.9868777791659037,
      0.944132407506307,
      0.8300861517588297,
      0.6961699724197388,
      0.4291428526242574,
      0.06943850219249725
    ],
    "r1_down": [
      0.0069539607502520084,
      0.013918302021920681,
      0.02284896746277809,
      0.029292557388544083,
      0.0365024966498216,
      0.04157007113099098
    ],
    "r1_up": [
      0.007022709430505832,
      0.01383613763997952,
      0.023118534435828526,
      0.029273167873422306,
      0.03659016887346903,
      0.041621742149194084
    ],
    "AH_phi": 0.00018551713377237383,
    "AH_r1": 1.473249032472554e-05
  }
}