{
  "noise": 0.0738,
  "n_seeds": 5,
  "sim_cfg": {
    "N": 1024,
    "k": 12,
    "rho": 1.0,
    "v0": 0.05,
    "noise": 0.0738,
    "dt": 1.0,
    "include_self_in_alignment": false,
    "dtype": "<class 'jax.numpy.float32'>",
    "L": 10.079368399158984
  },
  "exp_cfg": {
    "burnin_steps": 20000,
    "measure_steps": 50000,
    "max_lag": 8192,
    "dense_until": 128,
    "log_points": 48,
    "n_origins": 24,
    "lifetime_every": 8,
    "frustration_threshold": 0.5,
    "frustration_phi_threshold": 0.8,
    "cluster_overlap_threshold": 0.3,
    "nn_block": 1024,
    "eps": 1e-12
  },
  "scalars": {
    "phi_mean": {
      "mean": 0.6931515321135521,
      "se": 0.0021104859737947684,
      "ci_lo": 0.689856401582559,
      "ci_hi": 0.6969107046723366,
      "all": [
        0.6928799947102865,
        0.6893754129608473,
        0.6999758159120878,
        0.6952506626645724,
        0.6882757743199667
      ]
    },
    "ell_nn2": {
      "mean": 0.32215360080202415,
      "se": 0.00043302263557673976,
      "ci_lo": 0.3213377222418785,
      "ci_hi": 0.3227797587712605,
      "all": [
        0.3225509524345398,
        0.32229410981138545,
        0.3222833250959714,
        0.32052890211343765,
        0.3231107145547867
      ]
    },
    "tau_rw": {
      "mean": 700.7936941975688,
      "se": 1.4637025704991207,
      "ci_lo": 698.4221389694567,
      "ci_hi": 703.1702313500089,
      "all": [
        699.5724197409762,
        705.0248539659079,
        699.5459214227743,
        696.7232161303791,
        703.1020597278059
      ]
    },
    "tau_rw_1e": {
      "mean": 555.546546409263,
      "se": 3.2813615526970703,
      "ci_lo": 550.4464146754043,
      "ci_hi": 561.6586263626414,
      "all": [
        555.4006720047173,
        567.4785355397206,
        548.6892744375723,
        550.4568531893277,
        555.7073968749768
      ]
    },
    "tau_rw_window_limited": {
      "mean": 0.0,
      "se": 0.0,
      "ci_lo": 0.0,
      "ci_hi": 0.0,
      "all": [
        0.0,
        0.0,
        0.0,
        0.0,
        0.0
      ]
    },
    "tau_rel": {
      "mean": 3.709276369711681,
      "se": 0.15449826812773051,
      "ci_lo": 3.4542491970302436,
      "ci_hi": 3.985788611200534,
      "all": [
        3.6047486304623506,
        3.5770515292308964,
        3.2561971481135368,
        4.1079049423943506,
        4.000479598357269
      ]
    },
    "tau_rel_1e": {
      "mean": 0.7400595017106418,
      "se": 0.0027437199636564467,
      "ci_lo": 0.735030293409244,
      "ci_hi": 0.7446873070666556,
      "all": [
        0.7353165493844876,
        0.74268244763579,
        0.7319214676841876,
        0.7441061060700253,
        0.7462709377787189
      ]
    },
    "tau_rel_window_limited": {
      "mean": 0.0,
      "se": 0.0,
      "ci_lo": 0.0,
      "ci_hi": 0.0,
      "all": [
        0.0,
        0.0,
        0.0,
        0.0,
        0.0
      ]
    },
    "tau_cage": {
      "mean": 52.6468921398329,
      "se": 1.1608604371108602,
      "ci_lo": 51.263317995219424,
      "ci_hi": 55.04860449116345,
      "all": [
        52.14052081178283,
        50.987920418722,
        57.231211845368165,
        51.40886610792995,
        51.465941515361585
      ]
    },
    "tau_cage_window_limited": {
      "mean": 0.0,
      "se": 0.0,
      "ci_lo": 0.0,
      "ci_hi": 0.0,
      "all": [
        0.0,
        0.0,
        0.0,
        0.0,
        0.0
      ]
    },
    "fr_n_tracks": {
      "mean": 0.0,
      "se": 0.0,
      "ci_lo": 0.0,
      "ci_hi": 0.0,
      "all": [
        0.0,
        0.0,
        0.0,
        0.0,
        0.0
      ]
    },
    "fr_mean_lifetime": {
      "mean": 0.0,
      "se": 0.0,
      "ci_lo": 0.0,
      "ci_hi": 0.0,
      "all": [
        0.0,
        0.0,
        0.0,
        0.0,
        0.0
      ]
    },
    "fr_median_lifetime": {
      "mean": 0.0,
      "se": 0.0,
      "ci_lo": 0.0,
      "ci_hi": 0.0,
      "all": [
        0.0,
        0.0,
        0.0,
        0.0,
        0.0
      ]
    },
    "fr_p90_lifetime": {
      "mean": 0.0,
      "se": 0.0,
      "ci_lo": 0.0,
      "ci_hi": 0.0,
      "all": [
        0.0,
        0.0,
        0.0,
        0.0,
        0.0
      ]
    },
    "fr_max_lifetime": {
      "mean": 0.0,
      "se": 0.0,
      "ci_lo": 0.0,
      "ci_hi": 0.0,
      "all": [
        0.0,
        0.0,
        0.0,
        0.0,
        0.0
      ]
    },
    "fr_tail_frac_ge_100": {
      "mean": 0.0,
      "se": 0.0,
      "ci_lo": 0.0,
      "ci_hi": 0.0,
      "all": [
        0.0,
        0.0,
        0.0,
        0.0,
        0.0
      ]
    },
    "fr_censored_frac": {
      "mean": 0.0,
      "se": 0.0,
      "ci_lo": 0.0,
      "ci_hi": 0.0,
      "all": [
        0.0,
        0.0,
        0.0,
        0.0,
        0.0
      ]
    },
    "fr_frames_with_clusters_frac": {
      "mean": 0.0,
      "se": 0.0,
      "ci_lo": 0.0,
      "ci_hi": 0.0,
      "all": [
        0.0,
        0.0,
        0.0,
        0.0,
        0.0
      ]
    }
  },
  "hysteresis": {
    "enabled": true,
    "D": [
      0.005,
      0.02,
      0.05,
      0.0738,
      0.1,
      0.15
    ],
    "phi_down": [
      0.9864229957262675,
      0.9425442020098368,
      0.8305014769236246,
      0.6945932706197103,
      0.4270699818929036,
      0.07011072089274724
    ],
    "phi_up": [
      0.9868777791659037,
      0.944132407506307,
      0.8300861517588297,
      0.6961699724197388,
      0.4291428526242574,
      0.06943850219249725
    ],
    "r1_down": [
      0.0069539607502520084,
      0.013918302021920681,
      0.02284896746277809,
      0.029292557388544083,
      0.0365024966498216,
      0.04157007113099098
    ],
    "r1_up": [
      0.007022709430505832,
      0.01383613763997952,
      0.023118534435828526,
      0.029273167873422306,
      0.03659016887346903,
      0.041621742149194084
    ],
    "AH_phi": 0.00018551713377237383,
    "AH_r1": 1.473249032472554e-05
  }
}