{
  "noise": 0.05,
  "n_seeds": 5,
  "sim_cfg": {
    "N": 1024,
    "k": 12,
    "rho": 1.0,
    "v0": 0.05,
    "noise": 0.05,
    "dt": 1.0,
    "include_self_in_alignment": false,
    "dtype": "<class 'jax.numpy.float32'>",
    "L": 10.079368399158984
  },
  "exp_cfg": {
    "burnin_steps": 20000,
    "measure_steps": 50000,
    "max_lag": 8192,
    "dense_until": 128,
    "log_points": 48,
    "n_origins": 24,
    "lifetime_every": 8,
    "frustration_threshold": 0.5,
    "frustration_phi_threshold": 0.8,
    "cluster_overlap_threshold": 0.3,
    "nn_block": 1024,
    "eps": 1e-12
  },
  "scalars": {
    "phi_mean": {
      "mean": 0.8293026819825172,
      "se": 0.0010537539507284811,
      "ci_lo": 0.8275227705637613,
      "ci_hi": 0.8309358551104863,
      "all": [
        0.8298205633958181,
        0.8262037659684817,
        0.830704040825367,
        0.8276928787430128,
        0.8320921609799067
      ]
    },
    "ell_nn2": {
      "mean": 0.32212180470426877,
      "se": 0.0008149043155498576,
      "ci_lo": 0.3208270117640495,
      "ci_hi": 0.32383905649185174,
      "all": [
        0.32028696810205776,
        0.3250994806488355,
        0.3211135230958462,
        0.32216063141822815,
        0.32194842025637627
      ]
    },
    "tau_rw": {
      "mean": 1091.466652122361,
      "se": 8.80105756830351,
      "ci_lo": 1077.181051115646,
      "ci_hi": 1105.8325080523186,
      "all": [
        1080.1704975159942,
        1120.167877740917,
        1070.643419908194,
        1084.2774207298542,
        1102.0740447168453
      ]
    },
    "tau_rw_1e": {
      "mean": 875.355568808785,
      "se": 6.472182785031256,
      "ci_lo": 863.2146562941983,
      "ci_hi": 885.7911773053602,
      "all": [
        864.2668118194539,
        885.3040035465639,
        855.5008220349914,
        885.0645338521588,
        886.6416727907574
      ]
    },
    "tau_rw_window_limited": {
      "mean": 0.0,
      "se": 0.0,
      "ci_lo": 0.0,
      "ci_hi": 0.0,
      "all": [
        0.0,
        0.0,
        0.0,
        0.0,
        0.0
      ]
    },
    "tau_rel": {
      "mean": 4.154030994821696,
      "se": 0.31662692723688707,
      "ci_lo": 3.6102023463666364,
      "ci_hi": 4.696284006636782,
      "all": [
        3.7274729489313927,
        4.258117183555908,
        4.804798532480255,
        4.806852892333746,
        3.172913416807178
      ]
    },
    "tau_rel_1e": {
      "mean": 0.7489777037373441,
      "se": 0.0030066095831616595,
      "ci_lo": 0.7441460928463977,
      "ci_hi": 0.7548516835011172,
      "all": [
        0.7445496786848689,
        0.7522635429500781,
        0.7427042084340237,
        0.7591483986235464,
        0.7462226899942029
      ]
    },
    "tau_rel_window_limited": {
      "mean": 0.0,
      "se": 0.0,
      "ci_lo": 0.0,
      "ci_hi": 0.0,
      "all": [
        0.0,
        0.0,
        0.0,
        0.0,
        0.0
      ]
    },
    "tau_cage": {
      "mean": 70.79552464357107,
      "se": 1.7783456421543613,
      "ci_lo": 67.98361479315918,
      "ci_hi": 73.96919872420085,
      "all": [
        68.68588057528194,
        71.59901363873396,
        70.91006146737791,
        66.03265034368002,
        76.75001719278148
      ]
    },
    "tau_cage_window_limited": {
      "mean": 0.0,
      "se": 0.0,
      "ci_lo": 0.0,
      "ci_hi": 0.0,
      "all": [
        0.0,
        0.0,
        0.0,
        0.0,
        0.0
      ]
    },
    "fr_n_tracks": {
      "mean": 6.2,
      "se": 0.58309518948453,
      "ci_lo": 5.2,
      "ci_hi": 7.2,
      "all": [
        8.0,
        5.0,
        7.0,
        5.0,
        6.0
      ]
    },
    "fr_mean_lifetime": {
      "mean": 8.0,
      "se": 0.0,
      "ci_lo": 8.0,
      "ci_hi": 8.0,
      "all": [
        8.0,
        8.0,
        8.0,
        8.0,
        8.0
      ]
    },
    "fr_median_lifetime": {
      "mean": 8.0,
      "se": 0.0,
      "ci_lo": 8.0,
      "ci_hi": 8.0,
      "all": [
        8.0,
        8.0,
        8.0,
        8.0,
        8.0
      ]
    },
    "fr_p90_lifetime": {
      "mean": 8.0,
      "se": 0.0,
      "ci_lo": 8.0,
      "ci_hi": 8.0,
      "all": [
        8.0,
        8.0,
        8.0,
        8.0,
        8.0
      ]
    },
    "fr_max_lifetime": {
      "mean": 8.0,
      "se": 0.0,
      "ci_lo": 8.0,
      "ci_hi": 8.0,
      "all": [
        8.0,
        8.0,
        8.0,
        8.0,
        8.0
      ]
    },
    "fr_tail_frac_ge_100": {
      "mean": 0.0,
      "se": 0.0,
      "ci_lo": 0.0,
      "ci_hi": 0.0,
      "all": [
        0.0,
        0.0,
        0.0,
        0.0,
        0.0
      ]
    },
    "fr_censored_frac": {
      "mean": 0.0,
      "se": 0.0,
      "ci_lo": 0.0,
      "ci_hi": 0.0,
      "all": [
        0.0,
        0.0,
        0.0,
        0.0,
        0.0
      ]
    },
    "fr_frames_with_clusters_frac": {
      "mean": 0.0009918413053911375,
      "se": 9.32803054686498e-05,
      "ci_lo": 0.0008318669012957927,
      "ci_hi": 0.0011518157094864822,
      "all": [
        0.0012797952327627579,
        0.0007998720204767237,
        0.0011198208286674132,
        0.0007998720204767237,
        0.0009598464245720685
      ]
    }
  },
  "hysteresis": {
    "enabled": true,
    "D": [
      0.005,
      0.02,
      0.05,
      0.0738,
      0.1,
      0.15
    ],
    "phi_down": [
      0.9864229957262675,
      0.9425442020098368,
      0.8305014769236246,
      0.6945932706197103,
      0.4270699818929036,
      0.07011072089274724
    ],
    "phi_up": [
      0.9868777791659037,
      0.944132407506307,
      0.8300861517588297,
      0.6961699724197388,
      0.4291428526242574,
      0.06943850219249725
    ],
    "r1_down": [
      0.0069539607502520084,
      0.013918302021920681,
      0.02284896746277809,
      0.029292557388544083,
      0.0365024966498216,
      0.04157007113099098
    ],
    "r1_up": [
      0.007022709430505832,
      0.01383613763997952,
      0.023118534435828526,
      0.029273167873422306,
      0.03659016887346903,
      0.041621742149194084
    ],
    "AH_phi": 0.00018551713377237383,
    "AH_r1": 1.473249032472554e-05
  }
}