{
  "noise": 0.15,
  "n_seeds": 5,
  "sim_cfg": {
    "N": 1024,
    "k": 12,
    "rho": 1.0,
    "v0": 0.05,
    "noise": 0.15,
    "dt": 1.0,
    "include_self_in_alignment": false,
    "dtype": "<class 'jax.numpy.float32'>",
    "L": 10.079368399158984
  },
  "exp_cfg": {
    "burnin_steps": 20000,
    "measure_steps": 50000,
    "max_lag": 8192,
    "dense_until": 128,
    "log_points": 48,
    "n_origins": 24,
    "lifetime_every": 8,
    "frustration_threshold": 0.5,
    "frustration_phi_threshold": 0.8,
    "cluster_overlap_threshold": 0.3,
    "nn_block": 1024,
    "eps": 1e-12
  },
  "scalars": {
    "phi_mean": {
      "mean": 0.06675293648149819,
      "se": 0.00217563811971385,
      "ci_lo": 0.06262553139434505,
      "ci_hi": 0.07001280662758896,
      "all": [
        0.06828518021696557,
        0.06851721725737055,
        0.0717958272434771,
        0.058775086499129735,
        0.06639137119054794
      ]
    },
    "ell_nn2": {
      "mean": 0.3384218784670035,
      "se": 0.0006559865850520231,
      "ci_lo": 0.3372954418386022,
      "ci_hi": 0.3395463931063811,
      "all": [
        0.3379580390950044,
        0.3397945649921894,
        0.3366907487312953,
        0.3375736412902673,
        0.34009239822626114
      ]
    },
    "tau_rw": {
      "mean": 552.1069458866624,
      "se": 1.5901465810345417,
      "ci_lo": 549.1835970574259,
      "ci_hi": 555.2048182350331,
      "all": [
        557.3585236167495,
        551.9045305042409,
        547.323154987404,
        552.0995916642587,
        551.8489286606588
      ]
    },
    "tau_rw_1e": {
      "mean": 385.27322143194704,
      "se": 1.6764447434049485,
      "ci_lo": 382.51121514602,
      "ci_hi": 388.2204799727624,
      "all": [
        391.0768283428905,
        382.3813486071202,
        381.56138696498635,
        385.85597701671753,
        385.4905662280206
      ]
    },
    "tau_rw_window_limited": {
      "mean": 0.0,
      "se": 0.0,
      "ci_lo": 0.0,
      "ci_hi": 0.0,
      "all": [
        0.0,
        0.0,
        0.0,
        0.0,
        0.0
      ]
    },
    "tau_rel": {
      "mean": 0.924448335836264,
      "se": 0.014210134163531153,
      "ci_lo": 0.8954561932410972,
      "ci_hi": 0.943171499648054,
      "all": [
        0.9473152562382327,
        0.9425208654396651,
        0.9361758167442567,
        0.926964560755837,
        0.8692651800033279
      ]
    },
    "tau_rel_1e": {
      "mean": 0.6690020596642345,
      "se": 0.0014990658675312477,
      "ci_lo": 0.6666336452864119,
      "ci_hi": 0.671755123551825,
      "all": [
        0.6659552206930428,
        0.6670888536818109,
        0.6670844656820815,
        0.6739693194009223,
        0.6709124388633154
      ]
    },
    "tau_rel_window_limited": {
      "mean": 0.0,
      "se": 0.0,
      "ci_lo": 0.0,
      "ci_hi": 0.0,
      "all": [
        0.0,
        0.0,
        0.0,
        0.0,
        0.0
      ]
    },
    "tau_cage": {
      "mean": 75.04156520708236,
      "se": 0.4948578877178628,
      "ci_lo": 74.1108160310421,
      "ci_hi": 75.93621788468434,
      "all": [
        76.61802673365376,
        73.53596546982774,
        74.71630337925048,
        75.2298803664768,
        75.10765008620302
      ]
    },
    "tau_cage_window_limited": {
      "mean": 0.0,
      "se": 0.0,
      "ci_lo": 0.0,
      "ci_hi": 0.0,
      "all": [
        0.0,
        0.0,
        0.0,
        0.0,
        0.0
      ]
    },
    "fr_n_tracks": {
      "mean": 0.0,
      "se": 0.0,
      "ci_lo": 0.0,
      "ci_hi": 0.0,
      "all": [
        0.0,
        0.0,
        0.0,
        0.0,
        0.0
      ]
    },
    "fr_mean_lifetime": {
      "mean": 0.0,
      "se": 0.0,
      "ci_lo": 0.0,
      "ci_hi": 0.0,
      "all": [
        0.0,
        0.0,
        0.0,
        0.0,
        0.0
      ]
    },
    "fr_median_lifetime": {
      "mean": 0.0,
      "se": 0.0,
      "ci_lo": 0.0,
      "ci_hi": 0.0,
      "all": [
        0.0,
        0.0,
        0.0,
        0.0,
        0.0
      ]
    },
    "fr_p90_lifetime": {
      "mean": 0.0,
      "se": 0.0,
      "ci_lo": 0.0,
      "ci_hi": 0.0,
      "all": [
        0.0,
        0.0,
        0.0,
        0.0,
        0.0
      ]
    },
    "fr_max_lifetime": {
      "mean": 0.0,
      "se": 0.0,
      "ci_lo": 0.0,
      "ci_hi": 0.0,
      "all": [
        0.0,
        0.0,
        0.0,
        0.0,
        0.0
      ]
    },
    "fr_tail_frac_ge_100": {
      "mean": 0.0,
      "se": 0.0,
      "ci_lo": 0.0,
      "ci_hi": 0.0,
      "all": [
        0.0,
        0.0,
        0.0,
        0.0,
        0.0
      ]
    },
    "fr_censored_frac": {
      "mean": 0.0,
      "se": 0.0,
      "ci_lo": 0.0,
      "ci_hi": 0.0,
      "all": [
        0.0,
        0.0,
        0.0,
        0.0,
        0.0
      ]
    },
    "fr_frames_with_clusters_frac": {
      "mean": 0.0,
      "se": 0.0,
      "ci_lo": 0.0,
      "ci_hi": 0.0,
      "all": [
        0.0,
        0.0,
        0.0,
        0.0,
        0.0
      ]
    }
  },
  "hysteresis": {
    "enabled": true,
    "D": [
      0.005,
      0.02,
      0.05,
      0.0738,
      0.1,
      0.15
    ],
    "phi_down": [
      0.9864229957262675,
      0.9425442020098368,
      0.8305014769236246,
      0.6945932706197103,
      0.4270699818929036,
      0.07011072089274724
    ],
    "phi_up": [
      0.9868777791659037,
      0.944132407506307,
      0.8300861517588297,
      0.6961699724197388,
      0.4291428526242574,
      0.06943850219249725
    ],
    "r1_down": [
      0.0069539607502520084,
      0.013918302021920681,
      0.02284896746277809,
      0.029292557388544083,
      0.0365024966498216,
      0.04157007113099098
    ],
    "r1_up": [
      0.007022709430505832,
      0.01383613763997952,
      0.023118534435828526,
      0.029273167873422306,
      0.03659016887346903,
      0.041621742149194084
    ],
    "AH_phi": 0.00018551713377237383,
    "AH_r1": 1.473249032472554e-05
  }
}