{
  "noise": 0.02,
  "n_seeds": 5,
  "sim_cfg": {
    "N": 1024,
    "k": 12,
    "rho": 1.0,
    "v0": 0.05,
    "noise": 0.02,
    "dt": 1.0,
    "include_self_in_alignment": false,
    "dtype": "<class 'jax.numpy.float32'>",
    "L": 10.079368399158984
  },
  "exp_cfg": {
    "burnin_steps": 20000,
    "measure_steps": 50000,
    "max_lag": 8192,
    "dense_until": 128,
    "log_points": 48,
    "n_origins": 24,
    "lifetime_every": 8,
    "frustration_threshold": 0.5,
    "frustration_phi_threshold": 0.8,
    "cluster_overlap_threshold": 0.3,
    "nn_block": 1024,
    "eps": 1e-12
  },
  "scalars": {
    "phi_mean": {
      "mean": 0.9423713833093643,
      "se": 0.0006934213746297422,
      "ci_lo": 0.9411764671405157,
      "ci_hi": 0.9434892619649569,
      "all": [
        0.940712126592795,
        0.9407700722416242,
        0.9433298433820406,
        0.9429179380337397,
        0.9441269362966219
      ]
    },
    "ell_nn2": {
      "mean": 0.31760469948252046,
      "se": 0.0017423929654541857,
      "ci_lo": 0.3145038843154907,
      "ci_hi": 0.3205520682036877,
      "all": [
        0.31660111248493195,
        0.31230342760682106,
        0.3170867823064327,
        0.3230241487423579,
        0.3190080262720585
      ]
    },
    "tau_rw": {
      "mean": 2435.0516877218315,
      "se": 33.26517007490205,
      "ci_lo": 2378.8742271017845,
      "ci_hi": 2491.496683068992,
      "all": [
        2396.7353085225895,
        2360.37066442624,
        2388.447249066927,
        2505.4270288637194,
        2524.2781877296798
      ]
    },
    "tau_rw_1e": {
      "mean": 2326.41247781506,
      "se": 47.00015462264563,
      "ci_lo": 2245.781210412952,
      "ci_hi": 2405.310812616218,
      "all": [
        2270.4929599248812,
        2208.713586145058,
        2279.1576229296293,
        2419.8969962174324,
        2453.8012238582974
      ]
    },
    "tau_rw_window_limited": {
      "mean": 0.0,
      "se": 0.0,
      "ci_lo": 0.0,
      "ci_hi": 0.0,
      "all": [
        0.0,
        0.0,
        0.0,
        0.0,
        0.0
      ]
    },
    "tau_rel": {
      "mean": 5.202655498885761,
      "se": 0.4143729247036968,
      "ci_lo": 4.5088454579691115,
      "ci_hi": 5.967878814463131,
      "all": [
        5.92768985834212,
        6.34331355376861,
        4.8246832745349515,
        4.881763552667707,
        4.035827255115417
      ]
    },
    "tau_rel_1e": {
      "mean": 0.7721975967007443,
      "se": 0.006171570739560434,
      "ci_lo": 0.7625356518008134,
      "ci_hi": 0.781957810459786,
      "all": [
        0.7899115228900297,
        0.7790480140464746,
        0.7610064695823657,
        0.775164783709205,
        0.7558571932756465
      ]
    },
    "tau_rel_window_limited": {
      "mean": 0.0,
      "se": 0.0,
      "ci_lo": 0.0,
      "ci_hi": 0.0,
      "all": [
        0.0,
        0.0,
        0.0,
        0.0,
        0.0
      ]
    },
    "tau_cage": {
      "mean": 129.2363947038058,
      "se": 6.1085267192659645,
      "ci_lo": 119.04716641881528,
      "ci_hi": 140.49565341438705,
      "all": [
        116.20300429394834,
        118.48206277751255,
        125.9226744132437,
        136.3632459042753,
        149.21098613004912
      ]
    },
    "tau_cage_window_limited": {
      "mean": 0.0,
      "se": 0.0,
      "ci_lo": 0.0,
      "ci_hi": 0.0,
      "all": [
        0.0,
        0.0,
        0.0,
        0.0,
        0.0
      ]
    },
    "fr_n_tracks": {
      "mean": 0.0,
      "se": 0.0,
      "ci_lo": 0.0,
      "ci_hi": 0.0,
      "all": [
        0.0,
        0.0,
        0.0,
        0.0,
        0.0
      ]
    },
    "fr_mean_lifetime": {
      "mean": 0.0,
      "se": 0.0,
      "ci_lo": 0.0,
      "ci_hi": 0.0,
      "all": [
        0.0,
        0.0,
        0.0,
        0.0,
        0.0
      ]
    },
    "fr_median_lifetime": {
      "mean": 0.0,
      "se": 0.0,
      "ci_lo": 0.0,
      "ci_hi": 0.0,
      "all": [
        0.0,
        0.0,
        0.0,
        0.0,
        0.0
      ]
    },
    "fr_p90_lifetime": {
      "mean": 0.0,
      "se": 0.0,
      "ci_lo": 0.0,
      "ci_hi": 0.0,
      "all": [
        0.0,
        0.0,
        0.0,
        0.0,
        0.0
      ]
    },
    "fr_max_lifetime": {
      "mean": 0.0,
      "se": 0.0,
      "ci_lo": 0.0,
      "ci_hi": 0.0,
      "all": [
        0.0,
        0.0,
        0.0,
        0.0,
        0.0
      ]
    },
    "fr_tail_frac_ge_100": {
      "mean": 0.0,
      "se": 0.0,
      "ci_lo": 0.0,
      "ci_hi": 0.0,
      "all": [
        0.0,
        0.0,
        0.0,
        0.0,
        0.0
      ]
    },
    "fr_censored_frac": {
      "mean": 0.0,
      "se": 0.0,
      "ci_lo": 0.0,
      "ci_hi": 0.0,
      "all": [
        0.0,
        0.0,
        0.0,
        0.0,
        0.0
      ]
    },
    "fr_frames_with_clusters_frac": {
      "mean": 0.0,
      "se": 0.0,
      "ci_lo": 0.0,
      "ci_hi": 0.0,
      "all": [
        0.0,
        0.0,
        0.0,
        0.0,
        0.0
      ]
    }
  },
  "hysteresis": {
    "enabled": true,
    "D": [
      0.005,
      0.02,
      0.05,
      0.0738,
      0.1,
      0.15
    ],
    "phi_down": [
      0.9864229957262675,
      0.9425442020098368,
      0.8305014769236246,
      0.6945932706197103,
      0.4270699818929036,
      0.07011072089274724
    ],
    "phi_up": [
      0.9868777791659037,
      0.944132407506307,
      0.8300861517588297,
      0.6961699724197388,
      0.4291428526242574,
      0.06943850219249725
    ],
    "r1_down": [
      0.0069539607502520084,
      0.013918302021920681,
      0.02284896746277809,
      0.029292557388544083,
      0.0365024966498216,
      0.04157007113099098
    ],
    "r1_up": [
      0.007022709430505832,
      0.01383613763997952,
      0.023118534435828526,
      0.029273167873422306,
      0.03659016887346903,
      0.041621742149194084
    ],
    "AH_phi": 0.00018551713377237383,
    "AH_r1": 1.473249032472554e-05
  }
}