{
  "noise": 0.005,
  "n_seeds": 5,
  "sim_cfg": {
    "N": 1024,
    "k": 12,
    "rho": 1.0,
    "v0": 0.05,
    "noise": 0.005,
    "dt": 1.0,
    "include_self_in_alignment": false,
    "dtype": "<class 'jax.numpy.float32'>",
    "L": 10.079368399158984
  },
  "exp_cfg": {
    "burnin_steps": 20000,
    "measure_steps": 50000,
    "max_lag": 8192,
    "dense_until": 128,
    "log_points": 48,
    "n_origins": 24,
    "lifetime_every": 8,
    "frustration_threshold": 0.5,
    "frustration_phi_threshold": 0.8,
    "cluster_overlap_threshold": 0.3,
    "nn_block": 1024,
    "eps": 1e-12
  },
  "scalars": {
    "phi_mean": {
      "mean": 0.986448097229004,
      "se": 0.00017970100805783483,
      "ci_lo": 0.986079570154349,
      "ci_hi": 0.9866570641597111,
      "all": [
        0.9857346564531326,
        0.9866830731431643,
        0.9866288751363754,
        0.9866451496879259,
        0.9865487317244211
      ]
    },
    "ell_nn2": {
      "mean": 0.31663482661048575,
      "se": 0.0022178962348713437,
      "ci_lo": 0.3122850475211938,
      "ci_hi": 0.32007915948828064,
      "all": [
        0.30865926792224246,
        0.31686099867026013,
        0.31691550090909004,
        0.3222064326206843,
        0.31853193293015164
      ]
    },
    "tau_rw": {
      "mean": 4725.39471687016,
      "se": 53.713253511657385,
      "ci_lo": 4628.868649922559,
      "ci_hi": 4815.778834179164,
      "all": [
        4553.230253835382,
        4822.292670335051,
        4662.359817771593,
        4743.8728545918275,
        4845.2179878169445
      ]
    },
    "tau_rw_1e": {
      "mean": NaN,
      "se": NaN,
      "ci_lo": NaN,
      "ci_hi": NaN,
      "all": [
        NaN,
        NaN,
        NaN,
        NaN,
        NaN
      ]
    },
    "tau_rw_window_limited": {
      "mean": 1.0,
      "se": 0.0,
      "ci_lo": 1.0,
      "ci_hi": 1.0,
      "all": [
        1.0,
        1.0,
        1.0,
        1.0,
        1.0
      ]
    },
    "tau_rel": {
      "mean": 7.4887610980783865,
      "se": 0.48565503095655005,
      "ci_lo": 6.643574651192497,
      "ci_hi": 8.35639429319823,
      "all": [
        8.977269867754007,
        7.942477243494377,
        7.609423470009556,
        6.1803805516670565,
        6.734254357466937
      ]
    },
    "tau_rel_1e": {
      "mean": 0.7804844013568981,
      "se": 0.006981214481711072,
      "ci_lo": 0.7696753003515017,
      "ci_hi": 0.7934792286393109,
      "all": [
        0.8051542095441337,
        0.7638214898244197,
        0.7711387529832721,
        0.7807947615808806,
        0.7815127928517854
      ]
    },
    "tau_rel_window_limited": {
      "mean": 0.0,
      "se": 0.0,
      "ci_lo": 0.0,
      "ci_hi": 0.0,
      "all": [
        0.0,
        0.0,
        0.0,
        0.0,
        0.0
      ]
    },
    "tau_cage": {
      "mean": 383.035578707318,
      "se": 32.85253833381364,
      "ci_lo": 318.77132542361545,
      "ci_hi": 434.12290658086823,
      "all": [
        266.7013989095346,
        396.8762151947367,
        364.73112057751615,
        454.1455347652585,
        432.72362408954376
      ]
    },
    "tau_cage_window_limited": {
      "mean": 0.0,
      "se": 0.0,
      "ci_lo": 0.0,
      "ci_hi": 0.0,
      "all": [
        0.0,
        0.0,
        0.0,
        0.0,
        0.0
      ]
    },
    "fr_n_tracks": {
      "mean": 0.0,
      "se": 0.0,
      "ci_lo": 0.0,
      "ci_hi": 0.0,
      "all": [
        0.0,
        0.0,
        0.0,
        0.0,
        0.0
      ]
    },
    "fr_mean_lifetime": {
      "mean": 0.0,
      "se": 0.0,
      "ci_lo": 0.0,
      "ci_hi": 0.0,
      "all": [
        0.0,
        0.0,
        0.0,
        0.0,
        0.0
      ]
    },
    "fr_median_lifetime": {
      "mean": 0.0,
      "se": 0.0,
      "ci_lo": 0.0,
      "ci_hi": 0.0,
      "all": [
        0.0,
        0.0,
        0.0,
        0.0,
        0.0
      ]
    },
    "fr_p90_lifetime": {
      "mean": 0.0,
      "se": 0.0,
      "ci_lo": 0.0,
      "ci_hi": 0.0,
      "all": [
        0.0,
        0.0,
        0.0,
        0.0,
        0.0
      ]
    },
    "fr_max_lifetime": {
      "mean": 0.0,
      "se": 0.0,
      "ci_lo": 0.0,
      "ci_hi": 0.0,
      "all": [
        0.0,
        0.0,
        0.0,
        0.0,
        0.0
      ]
    },
    "fr_tail_frac_ge_100": {
      "mean": 0.0,
      "se": 0.0,
      "ci_lo": 0.0,
      "ci_hi": 0.0,
      "all": [
        0.0,
        0.0,
        0.0,
        0.0,
        0.0
      ]
    },
    "fr_censored_frac": {
      "mean": 0.0,
      "se": 0.0,
      "ci_lo": 0.0,
      "ci_hi": 0.0,
      "all": [
        0.0,
        0.0,
        0.0,
        0.0,
        0.0
      ]
    },
    "fr_frames_with_clusters_frac": {
      "mean": 0.0,
      "se": 0.0,
      "ci_lo": 0.0,
      "ci_hi": 0.0,
      "all": [
        0.0,
        0.0,
        0.0,
        0.0,
        0.0
      ]
    }
  },
  "hysteresis": {
    "enabled": true,
    "D": [
      0.005,
      0.02,
      0.05,
      0.0738,
      0.1,
      0.15
    ],
    "phi_down": [
      0.9864229957262675,
      0.9425442020098368,
      0.8305014769236246,
      0.6945932706197103,
      0.4270699818929036,
      0.07011072089274724
    ],
    "phi_up": [
      0.9868777791659037,
      0.944132407506307,
      0.8300861517588297,
      0.6961699724197388,
      0.4291428526242574,
      0.06943850219249725
    ],
    "r1_down": [
      0.0069539607502520084,
      0.013918302021920681,
      0.02284896746277809,
      0.029292557388544083,
      0.0365024966498216,
      0.04157007113099098
    ],
    "r1_up": [
      0.007022709430505832,
      0.01383613763997952,
      0.023118534435828526,
      0.029273167873422306,
      0.03659016887346903,
      0.041621742149194084
    ],
    "AH_phi": 0.00018551713377237383,
    "AH_r1": 1.473249032472554e-05
  }
}