{
  "noise": 0.005,
  "n_seeds": 5,
  "sim_cfg": {
    "N": 1024,
    "k": 7,
    "rho": 1.0,
    "v0": 0.05,
    "noise": 0.005,
    "dt": 1.0,
    "include_self_in_alignment": false,
    "dtype": "<class 'jax.numpy.float32'>",
    "L": 10.079368399158984
  },
  "exp_cfg": {
    "burnin_steps": 20000,
    "measure_steps": 50000,
    "max_lag": 8192,
    "dense_until": 128,
    "log_points": 48,
    "n_origins": 24,
    "nn_block": 1024,
    "eps": 1e-12
  },
  "scalars": {
    "phi_mean": {
      "mean": 0.9301702722907066,
      "se": 0.0024689642262348023,
      "ci_lo": 0.926077168683211,
      "ci_hi": 0.9343714872996012,
      "all": [
        0.9323217223087946,
        0.9306843504309654,
        0.9255520875255266,
        0.9379945422212282,
        0.9242986589670181
      ]
    },
    "ell_nn2": {
      "mean": 0.15826473453392584,
      "se": 0.003005307649863236,
      "ci_lo": 0.15359611126283806,
      "ci_hi": 0.1636834737875809,
      "all": [
        0.1615408193320036,
        0.15120780964692435,
        0.1571785636867086,
        0.1680153738707304,
        0.1533811061332623
      ]
    },
    "tau_rw": {
      "mean": 1125.6542261597638,
      "se": 20.330115739632998,
      "ci_lo": 1092.6646514440513,
      "ci_hi": 1162.4625885342757,
      "all": [
        1154.9236830011528,
        1093.2849111041419,
        1104.4771360995612,
        1190.7957389202513,
        1084.7896616737114
      ]
    },
    "tau_rw_1e": {
      "mean": 964.5814382001114,
      "se": 19.117788938419636,
      "ci_lo": 932.7628524892431,
      "ci_hi": 1000.3668635179134,
      "all": [
        996.048123819462,
        944.5536555119961,
        937.7608691641366,
        1022.6751082019895,
        921.8694343029728
      ]
    },
    "tau_rw_window_limited": {
      "mean": 0.0,
      "se": 0.0,
      "ci_lo": 0.0,
      "ci_hi": 0.0,
      "all": [
        0.0,
        0.0,
        0.0,
        0.0,
        0.0
      ]
    },
    "tau_rel": {
      "mean": 173.8244586899457,
      "se": 10.31822529456154,
      "ci_lo": 156.1185694614432,
      "ci_hi": 191.53034791844811,
      "all": [
        154.04832349884367,
        178.49648428869574,
        202.46424684776204,
        146.99985801041652,
        187.11338080401038
      ]
    },
    "tau_rel_1e": {
      "mean": 171.41509108935333,
      "se": 10.913614139772598,
      "ci_lo": 154.1049818794365,
      "ci_hi": 189.64733960531888,
      "all": [
        144.72011184938876,
        168.55729879377745,
        207.3697399307698,
        155.02093848793444,
        181.4073663848961
      ]
    },
    "tau_rel_window_limited": {
      "mean": 0.0,
      "se": 0.0,
      "ci_lo": 0.0,
      "ci_hi": 0.0,
      "all": [
        0.0,
        0.0,
        0.0,
        0.0,
        0.0
      ]
    },
    "tau_cage": {
      "mean": 24.145961738728715,
      "se": 0.7944790671179733,
      "ci_lo": 22.953060576911785,
      "ci_hi": 25.68752730524427,
      "all": [
        24.8762423416051,
        23.49154546959276,
        22.863495483284876,
        26.90445475070304,
        22.594070648457794
      ]
    },
    "tau_cage_window_limited": {
      "mean": 0.0,
      "se": 0.0,
      "ci_lo": 0.0,
      "ci_hi": 0.0,
      "all": [
        0.0,
        0.0,
        0.0,
        0.0,
        0.0
      ]
    }
  }
}