{
  "noise": 0.15,
  "n_seeds": 5,
  "sim_cfg": {
    "N": 1024,
    "k": 7,
    "rho": 1.0,
    "v0": 0.05,
    "noise": 0.15,
    "dt": 1.0,
    "include_self_in_alignment": false,
    "dtype": "<class 'jax.numpy.float32'>",
    "L": 10.079368399158984
  },
  "exp_cfg": {
    "burnin_steps": 20000,
    "measure_steps": 50000,
    "max_lag": 8192,
    "dense_until": 128,
    "log_points": 48,
    "n_origins": 24,
    "nn_block": 1024,
    "eps": 1e-12
  },
  "scalars": {
    "phi_mean": {
      "mean": 0.05830263496997455,
      "se": 0.0021935033763424458,
      "ci_lo": 0.05373727824383726,
      "ci_hi": 0.06103487580548972,
      "all": [
        0.04970802793589731,
        0.06047439105653515,
        0.060367236573559545,
        0.06187560292892158,
        0.05908791635495921
      ]
    },
    "ell_nn2": {
      "mean": 0.33297826796770097,
      "se": 0.0007519303512226667,
      "ci_lo": 0.33165628761053084,
      "ci_hi": 0.33430024832487104,
      "all": [
        0.33298516273498535,
        0.3348994640012582,
        0.330978420873483,
        0.33166971678535145,
        0.3343585754434268
      ]
    },
    "tau_rw": {
      "mean": 390.40452673350825,
      "se": 0.7363497974324591,
      "ci_lo": 389.1357455696906,
      "ci_hi": 391.67330789732597,
      "all": [
        392.02472986433975,
        389.28499732792534,
        389.729550444438,
        392.29376465675614,
        388.689591374082
      ]
    },
    "tau_rw_1e": {
      "mean": 272.9919123937515,
      "se": 1.0865513314620308,
      "ci_lo": 271.1525103083807,
      "ci_hi": 275.14660616002095,
      "all": [
        276.89885483004326,
        272.3441983350957,
        270.19705618903436,
        272.69226797487926,
        272.8271846397048
      ]
    },
    "tau_rw_window_limited": {
      "mean": 0.0,
      "se": 0.0,
      "ci_lo": 0.0,
      "ci_hi": 0.0,
      "all": [
        0.0,
        0.0,
        0.0,
        0.0,
        0.0
      ]
    },
    "tau_rel": {
      "mean": 1.1292048762336062,
      "se": 0.01831297050923391,
      "ci_lo": 1.0927260020071707,
      "ci_hi": 1.1545710300054184,
      "all": [
        1.0588457874984996,
        1.1446353251014922,
        1.1435463237701773,
        1.1651423282128852,
        1.133854616584976
      ]
    },
    "tau_rel_1e": {
      "mean": 0.6888051449203567,
      "se": 0.001842869709669714,
      "ci_lo": 0.6855906847146059,
      "ci_hi": 0.6917728371928917,
      "all": [
        0.6935684755453609,
        0.6878056837499031,
        0.68867670856849,
        0.682650929133255,
        0.6913239276047743
      ]
    },
    "tau_rel_window_limited": {
      "mean": 0.0,
      "se": 0.0,
      "ci_lo": 0.0,
      "ci_hi": 0.0,
      "all": [
        0.0,
        0.0,
        0.0,
        0.0,
        0.0
      ]
    },
    "tau_cage": {
      "mean": 62.01218549572609,
      "se": 0.2454653134078557,
      "ci_lo": 61.58006518238038,
      "ci_hi": 62.500836271227705,
      "all": [
        62.166285643538316,
        62.00393448091305,
        62.8011250029373,
        61.791680847291595,
        61.29790150395023
      ]
    },
    "tau_cage_window_limited": {
      "mean": 0.0,
      "se": 0.0,
      "ci_lo": 0.0,
      "ci_hi": 0.0,
      "all": [
        0.0,
        0.0,
        0.0,
        0.0,
        0.0
      ]
    }
  }
}