{
  "noise": 0.05,
  "n_seeds": 5,
  "sim_cfg": {
    "N": 1024,
    "k": 7,
    "rho": 1.0,
    "v0": 0.05,
    "noise": 0.05,
    "dt": 1.0,
    "include_self_in_alignment": false,
    "dtype": "<class 'jax.numpy.float32'>",
    "L": 10.079368399158984
  },
  "exp_cfg": {
    "burnin_steps": 20000,
    "measure_steps": 50000,
    "max_lag": 8192,
    "dense_until": 128,
    "log_points": 48,
    "n_origins": 24,
    "nn_block": 1024,
    "eps": 1e-12
  },
  "scalars": {
    "phi_mean": {
      "mean": 0.6607333627839883,
      "se": 0.0055629006027495195,
      "ci_lo": 0.652400515973568,
      "ci_hi": 0.6712646842002867,
      "all": [
        0.6653867612282435,
        0.6800815686583519,
        0.6555587699015936,
        0.6543943881988525,
        0.6482453259329001
      ]
    },
    "ell_nn2": {
      "mean": 0.24645480426649252,
      "se": 0.0010856002696897579,
      "ci_lo": 0.24470263719558716,
      "ci_hi": 0.24830605267547073,
      "all": [
        0.24661311755577722,
        0.24531618940333524,
        0.24761299913128218,
        0.24959787043432394,
        0.24313384480774403
      ]
    },
    "tau_rw": {
      "mean": 309.9361579741909,
      "se": 1.6495582120965762,
      "ci_lo": 307.3000129257986,
      "ci_hi": 312.89200910389684,
      "all": [
        306.37749344129094,
        315.3262184941814,
        308.0012849332548,
        312.10389659564896,
        307.87189640657823
      ]
    },
    "tau_rw_1e": {
      "mean": 271.4962941056286,
      "se": 3.0024352560978507,
      "ci_lo": 266.21001773615,
      "ci_hi": 276.7825704751071,
      "all": [
        270.3734280113211,
        279.8092684490414,
        265.12485779123443,
        276.96044373306586,
        265.21347254348
      ]
    },
    "tau_rw_window_limited": {
      "mean": 0.0,
      "se": 0.0,
      "ci_lo": 0.0,
      "ci_hi": 0.0,
      "all": [
        0.0,
        0.0,
        0.0,
        0.0,
        0.0
      ]
    },
    "tau_rel": {
      "mean": 23.816697742944335,
      "se": 0.3548908113361789,
      "ci_lo": 23.29372972097805,
      "ci_hi": 24.489401946366435,
      "all": [
        23.820145513354127,
        22.967956916693765,
        25.0758117235792,
        23.862359039680044,
        23.357215521414528
      ]
    },
    "tau_rel_1e": {
      "mean": 13.885035000129534,
      "se": 0.7127343235437986,
      "ci_lo": 12.73419688452312,
      "ci_hi": 15.149298796760664,
      "all": [
        12.948696313807984,
        11.925128046514677,
        13.923335701970279,
        16.137550831260892,
        14.490464107093846
      ]
    },
    "tau_rel_window_limited": {
      "mean": 0.0,
      "se": 0.0,
      "ci_lo": 0.0,
      "ci_hi": 0.0,
      "all": [
        0.0,
        0.0,
        0.0,
        0.0,
        0.0
      ]
    },
    "tau_cage": {
      "mean": 19.1868614254114,
      "se": 0.24043047066184048,
      "ci_lo": 18.786132152247518,
      "ci_hi": 19.638056345136633,
      "all": [
        19.560279081187943,
        19.920868705756313,
        18.975657918987885,
        18.864678159035734,
        18.61282326208912
      ]
    },
    "tau_cage_window_limited": {
      "mean": 0.0,
      "se": 0.0,
      "ci_lo": 0.0,
      "ci_hi": 0.0,
      "all": [
        0.0,
        0.0,
        0.0,
        0.0,
        0.0
      ]
    }
  }
}