{
  "noise": 0.1,
  "n_seeds": 5,
  "sim_cfg": {
    "N": 1024,
    "k": 7,
    "rho": 1.0,
    "v0": 0.05,
    "noise": 0.1,
    "dt": 1.0,
    "include_self_in_alignment": false,
    "dtype": "<class 'jax.numpy.float32'>",
    "L": 10.079368399158984
  },
  "exp_cfg": {
    "burnin_steps": 20000,
    "measure_steps": 50000,
    "max_lag": 8192,
    "dense_until": 128,
    "log_points": 48,
    "n_origins": 24,
    "nn_block": 1024,
    "eps": 1e-12
  },
  "scalars": {
    "phi_mean": {
      "mean": 0.1364132144798835,
      "se": 0.006462669103186096,
      "ci_lo": 0.12571032191626727,
      "ci_hi": 0.14762428182487689,
      "all": [
        0.1188594955795755,
        0.13598656142130494,
        0.14714627340435982,
        0.15392115044717988,
        0.12615259154699743
      ]
    },
    "ell_nn2": {
      "mean": 0.30358638415733974,
      "se": 0.0007857902980398317,
      "ci_lo": 0.3020376580456893,
      "ci_hi": 0.3047905760693053,
      "all": [
        0.3039236379166444,
        0.3008567653596401,
        0.3044776916503906,
        0.3031403024991353,
        0.3055335233608882
      ]
    },
    "tau_rw": {
      "mean": 254.67813750007977,
      "se": 0.8979444928671019,
      "ci_lo": 253.07535534631043,
      "ci_hi": 256.27264728409097,
      "all": [
        253.525657710423,
        254.90461537532855,
        255.04858044405495,
        257.64432111156776,
        252.26751285902475
      ]
    },
    "tau_rw_1e": {
      "mean": 206.09907121939423,
      "se": 0.9333954113391323,
      "ci_lo": 204.63762542178412,
      "ci_hi": 207.9178706474242,
      "all": [
        205.09313418162995,
        207.34588749579962,
        204.84549879762545,
        209.13265564789867,
        204.07817997401764
      ]
    },
    "tau_rw_window_limited": {
      "mean": 0.0,
      "se": 0.0,
      "ci_lo": 0.0,
      "ci_hi": 0.0,
      "all": [
        0.0,
        0.0,
        0.0,
        0.0,
        0.0
      ]
    },
    "tau_rel": {
      "mean": 4.555190559547433,
      "se": 0.1241074194881398,
      "ci_lo": 4.317244050762364,
      "ci_hi": 4.754704796042528,
      "all": [
        4.896260932088471,
        4.643856646184392,
        4.175192517173757,
        4.392069967364891,
        4.668572734925654
      ]
    },
    "tau_rel_1e": {
      "mean": 0.8267736002406314,
      "se": 0.0027193173684503815,
      "ci_lo": 0.8221669724492966,
      "ci_hi": 0.8314272393916868,
      "all": [
        0.8348752719038797,
        0.8310595431821282,
        0.8214508380646665,
        0.8209390574709634,
        0.8255432905815194
      ]
    },
    "tau_rel_window_limited": {
      "mean": 0.0,
      "se": 0.0,
      "ci_lo": 0.0,
      "ci_hi": 0.0,
      "all": [
        0.0,
        0.0,
        0.0,
        0.0,
        0.0
      ]
    },
    "tau_cage": {
      "mean": 25.235779866631763,
      "se": 0.23311315058387144,
      "ci_lo": 24.839465559428852,
      "ci_hi": 25.65906607436701,
      "all": [
        24.82475543241412,
        24.79430905880466,
        25.732888262285798,
        25.867747764947516,
        24.959198814706713
      ]
    },
    "tau_cage_window_limited": {
      "mean": 0.0,
      "se": 0.0,
      "ci_lo": 0.0,
      "ci_hi": 0.0,
      "all": [
        0.0,
        0.0,
        0.0,
        0.0,
        0.0
      ]
    }
  }
}