N,noise,n_seeds,phi_mean,phi_se,tau_rw,tau_rw_se,tau_rw_ci_lo,tau_rw_ci_hi,tau_rw_window_limited_frac,tau_rel,tau_rel_se,tau_rel_ci_lo,tau_rel_ci_hi,tau_rel_window_limited_frac,tau_cage,tau_cage_se,tau_cage_ci_lo,tau_cage_ci_hi,tau_cage_window_limited_frac,ell_nn2
1024,0.005,5,0.9301702722907066,0.0024689642262348023,1125.6542261597638,20.330115739632998,1092.6646514440513,1162.4625885342757,0.0,173.8244586899457,10.31822529456154,156.1185694614432,191.53034791844811,0.0,24.145961738728715,0.7944790671179733,22.953060576911785,25.68752730524427,0.0,0.15826473453392584
1024,0.02,5,0.8467135181029637,0.005074364336148737,543.9339792149119,9.015981676869016,528.0318748687814,558.252955390695,0.0,56.3920611863452,1.8353638223912403,52.80691736459998,59.70941216325711,0.0,21.764132249915345,0.5541190039422965,20.78955099700023,22.757979322417142,0.0,0.21004791756471
1024,0.05,5,0.6607333627839883,0.0055629006027495195,309.9361579741909,1.6495582120965762,307.3000129257986,312.89200910389684,0.0,23.816697742944335,0.3548908113361789,23.29372972097805,24.489401946366435,0.0,19.1868614254114,0.24043047066184048,18.786132152247518,19.638056345136633,0.0,0.24645480426649252
1024,0.0738,5,0.39137703900535903,0.007520165085708346,223.68618512555813,1.0991047731792665,221.81920321079195,225.63059761312275,0.0,14.841804458751634,0.19950415109075814,14.500685544825568,15.182923372677697,0.0,18.08536241795418,0.13226478009403284,17.867275712541367,18.325593840833793,0.0,0.26559482465187706
1024,0.1,5,0.1364132144798835,0.006462669103186096,254.67813750007977,0.8979444928671019,253.07535534631043,256.27264728409097,0.0,4.555190559547433,0.1241074194881398,4.317244050762364,4.754704796042528,0.0,25.235779866631763,0.23311315058387144,24.839465559428852,25.65906607436701,0.0,0.30358638415733974
1024,0.15,5,0.05830263496997455,0.0021935033763424458,390.40452673350825,0.7363497974324591,389.1357455696906,391.67330789732597,0.0,1.1292048762336062,0.01831297050923391,1.0927260020071707,1.1545710300054184,0.0,62.01218549572609,0.2454653134078557,61.58006518238038,62.500836271227705,0.0,0.33297826796770097
