{
  "noise": 0.02,
  "n_seeds": 5,
  "sim_cfg": {
    "N": 1024,
    "k": 7,
    "rho": 1.0,
    "v0": 0.05,
    "noise": 0.02,
    "dt": 1.0,
    "include_self_in_alignment": false,
    "dtype": "<class 'jax.numpy.float32'>",
    "L": 10.079368399158984
  },
  "exp_cfg": {
    "burnin_steps": 20000,
    "measure_steps": 50000,
    "max_lag": 8192,
    "dense_until": 128,
    "log_points": 48,
    "n_origins": 24,
    "nn_block": 1024,
    "eps": 1e-12
  },
  "scalars": {
    "phi_mean": {
      "mean": 0.8467135181029637,
      "se": 0.005074364336148737,
      "ci_lo": 0.8380070981507499,
      "ci_hi": 0.8554604058464369,
      "all": [
        0.8382220963637034,
        0.8360645497838656,
        0.8571072444319725,
        0.8606575628121694,
        0.8415161371231079
      ]
    },
    "ell_nn2": {
      "mean": 0.21004791756471,
      "se": 0.0016609192235834183,
      "ci_lo": 0.20742093461255232,
      "ci_hi": 0.21301419946054617,
      "all": [
        0.20874586515128613,
        0.20789243280887604,
        0.21157946499685445,
        0.21573485371967158,
        0.2062869711468617
      ]
    },
    "tau_rw": {
      "mean": 543.9339792149119,
      "se": 9.015981676869016,
      "ci_lo": 528.0318748687814,
      "ci_hi": 558.252955390695,
      "all": [
        518.5193126859292,
        546.9155487406788,
        559.364956519754,
        566.2543586535346,
        528.6157194746627
      ]
    },
    "tau_rw_1e": {
      "mean": 469.29888595443856,
      "se": 8.688411880256096,
      "ci_lo": 454.32172465083005,
      "ci_hi": 484.06013772789964,
      "all": [
        443.007634242536,
        469.54732264884365,
        484.022930641056,
        491.3537523542713,
        458.56278988548587
      ]
    },
    "tau_rw_window_limited": {
      "mean": 0.0,
      "se": 0.0,
      "ci_lo": 0.0,
      "ci_hi": 0.0,
      "all": [
        0.0,
        0.0,
        0.0,
        0.0,
        0.0
      ]
    },
    "tau_rel": {
      "mean": 56.3920611863452,
      "se": 1.8353638223912403,
      "ci_lo": 52.80691736459998,
      "ci_hi": 59.70941216325711,
      "all": [
        58.48840849539252,
        60.94241150508458,
        50.43830277343723,
        57.859913150515936,
        54.23127000729576
      ]
    },
    "tau_rel_1e": {
      "mean": 50.00718019661463,
      "se": 1.8345537828072787,
      "ci_lo": 47.15123811715629,
      "ci_hi": 53.07014023124469,
      "all": [
        52.92742251373147,
        55.69248594226064,
        46.2293138144612,
        47.07579446838061,
        48.11088424423923
      ]
    },
    "tau_rel_window_limited": {
      "mean": 0.0,
      "se": 0.0,
      "ci_lo": 0.0,
      "ci_hi": 0.0,
      "all": [
        0.0,
        0.0,
        0.0,
        0.0,
        0.0
      ]
    },
    "tau_cage": {
      "mean": 21.764132249915345,
      "se": 0.5541190039422965,
      "ci_lo": 20.78955099700023,
      "ci_hi": 22.757979322417142,
      "all": [
        20.66646695588814,
        20.832008984507972,
        22.925577721322696,
        23.28026245502918,
        21.116345132828755
      ]
    },
    "tau_cage_window_limited": {
      "mean": 0.0,
      "se": 0.0,
      "ci_lo": 0.0,
      "ci_hi": 0.0,
      "all": [
        0.0,
        0.0,
        0.0,
        0.0,
        0.0
      ]
    }
  }
}