{
  "noise": 0.0738,
  "n_seeds": 5,
  "sim_cfg": {
    "N": 1024,
    "k": 7,
    "rho": 1.0,
    "v0": 0.05,
    "noise": 0.0738,
    "dt": 1.0,
    "include_self_in_alignment": false,
    "dtype": "<class 'jax.numpy.float32'>",
    "L": 10.079368399158984
  },
  "exp_cfg": {
    "burnin_steps": 20000,
    "measure_steps": 50000,
    "max_lag": 8192,
    "dense_until": 128,
    "log_points": 48,
    "n_origins": 24,
    "nn_block": 1024,
    "eps": 1e-12
  },
  "scalars": {
    "phi_mean": {
      "mean": 0.39137703900535903,
      "se": 0.007520165085708346,
      "ci_lo": 0.3783181183040142,
      "ci_hi": 0.4044359597067039,
      "all": [
        0.4045757930725813,
        0.389309449121356,
        0.37148725024114054,
        0.4118593816335003,
        0.37965332095821697
      ]
    },
    "ell_nn2": {
      "mean": 0.26559482465187706,
      "se": 0.0006105671365767656,
      "ci_lo": 0.2645603903879722,
      "ci_hi": 0.2667711741135766,
      "all": [
        0.26381609837214154,
        0.2655286913116773,
        0.26761275840302307,
        0.2658249655117591,
        0.2651916096607844
      ]
    },
    "tau_rw": {
      "mean": 223.68618512555813,
      "se": 1.0991047731792665,
      "ci_lo": 221.81920321079195,
      "ci_hi": 225.63059761312275,
      "all": [
        226.77138435538205,
        221.9815477302879,
        221.31221432044288,
        225.8572872691796,
        222.50849195249828
      ]
    },
    "tau_rw_1e": {
      "mean": 194.8194990677461,
      "se": 0.5017547389210087,
      "ci_lo": 193.953486083957,
      "ci_hi": 195.69111965451603,
      "all": [
        196.30156488036033,
        194.623243868352,
        193.62178295851888,
        195.60059331430168,
        193.9503103171976
      ]
    },
    "tau_rw_window_limited": {
      "mean": 0.0,
      "se": 0.0,
      "ci_lo": 0.0,
      "ci_hi": 0.0,
      "all": [
        0.0,
        0.0,
        0.0,
        0.0,
        0.0
      ]
    },
    "tau_rel": {
      "mean": 14.841804458751634,
      "se": 0.19950415109075814,
      "ci_lo": 14.500685544825568,
      "ci_hi": 15.182923372677697,
      "all": [
        14.721453388318679,
        14.296101867085712,
        15.353216599218374,
        15.243365138316534,
        14.594885300818877
      ]
    },
    "tau_rel_1e": {
      "mean": 4.413768303971274,
      "se": 0.14375836858088434,
      "ci_lo": 4.152240031136716,
      "ci_hi": 4.6488333768454115,
      "all": [
        4.288065285971117,
        4.690508426170829,
        4.462301287849026,
        3.927542147847212,
        4.700424372018188
      ]
    },
    "tau_rel_window_limited": {
      "mean": 0.0,
      "se": 0.0,
      "ci_lo": 0.0,
      "ci_hi": 0.0,
      "all": [
        0.0,
        0.0,
        0.0,
        0.0,
        0.0
      ]
    },
    "tau_cage": {
      "mean": 18.08536241795418,
      "se": 0.13226478009403284,
      "ci_lo": 17.867275712541367,
      "ci_hi": 18.325593840833793,
      "all": [
        18.289194846737157,
        17.847865473778736,
        17.97084289439197,
        18.496969627884358,
        17.821939246978665
      ]
    },
    "tau_cage_window_limited": {
      "mean": 0.0,
      "se": 0.0,
      "ci_lo": 0.0,
      "ci_hi": 0.0,
      "all": [
        0.0,
        0.0,
        0.0,
        0.0,
        0.0
      ]
    }
  }
}