{
  "noise": 0.1,
  "n_seeds": 5,
  "sim_cfg": {
    "N": 1024,
    "k": 7,
    "rho": 1.0,
    "v0": 0.05,
    "noise": 0.1,
    "dt": 1.0,
    "include_self_in_alignment": false,
    "dtype": "<class 'jax.numpy.float32'>",
    "L": 10.079368399158984
  },
  "exp_cfg": {
    "burnin_steps": 20000,
    "measure_steps": 50000,
    "max_lag": 8192,
    "dense_until": 128,
    "log_points": 48,
    "n_origins": 24,
    "lifetime_every": 8,
    "frustration_threshold": 0.5,
    "frustration_phi_threshold": 0.8,
    "cluster_overlap_threshold": 0.3,
    "nn_block": 1024,
    "eps": 1e-12
  },
  "scalars": {
    "phi_mean": {
      "mean": 0.1359381142538041,
      "se": 0.003685670287009453,
      "ci_lo": 0.12946047505169797,
      "ci_hi": 0.1421389441976013,
      "all": [
        0.14622086007148027,
        0.12377719107704858,
        0.13774926091233888,
        0.13325336761772633,
        0.13868989159042636
      ]
    },
    "ell_nn2": {
      "mean": 0.30317596842845285,
      "se": 0.0006840151963444245,
      "ci_lo": 0.3020677556594213,
      "ci_hi": 0.30438338965177536,
      "all": [
        0.3020036245385806,
        0.3036697531739871,
        0.3031737109025319,
        0.30157890915870667,
        0.3054538443684578
      ]
    },
    "tau_rw": {
      "mean": 253.59427527353918,
      "se": 0.6187569100059415,
      "ci_lo": 252.6157734316052,
      "ci_hi": 254.8238797501521,
      "all": [
        254.22226537115506,
        255.72630131864767,
        252.37031522929894,
        252.96675219776017,
        252.68574225083404
      ]
    },
    "tau_rw_1e": {
      "mean": 205.2734470173672,
      "se": 1.032775528857594,
      "ci_lo": 203.3894939531417,
      "ci_hi": 206.93549624189572,
      "all": [
        203.6536632995596,
        207.24299559293965,
        206.71578844960135,
        206.73785078699896,
        202.0169369577364
      ]
    },
    "tau_rw_window_limited": {
      "mean": 0.0,
      "se": 0.0,
      "ci_lo": 0.0,
      "ci_hi": 0.0,
      "all": [
        0.0,
        0.0,
        0.0,
        0.0,
        0.0
      ]
    },
    "tau_rel": {
      "mean": 4.304344476031642,
      "se": 0.07982239281513513,
      "ci_lo": 4.142593889704973,
      "ci_hi": 4.447004495014766,
      "all": [
        4.288615268837809,
        4.526762013425832,
        4.307702347283269,
        4.366121165958528,
        4.032521584652775
      ]
    },
    "tau_rel_1e": {
      "mean": 0.8233160967119219,
      "se": 0.0017722288328056446,
      "ci_lo": 0.8203486319806602,
      "ci_hi": 0.8265747921445369,
      "all": [
        0.8196101167936781,
        0.8247432835278532,
        0.8205332607774057,
        0.8294863158013402,
        0.8222075066593317
      ]
    },
    "tau_rel_window_limited": {
      "mean": 0.0,
      "se": 0.0,
      "ci_lo": 0.0,
      "ci_hi": 0.0,
      "all": [
        0.0,
        0.0,
        0.0,
        0.0,
        0.0
      ]
    },
    "tau_cage": {
      "mean": 25.30920516861598,
      "se": 0.15941744395473875,
      "ci_lo": 25.03401808053362,
      "ci_hi": 25.569316118086807,
      "all": [
        25.627458799713533,
        25.19443509973611,
        25.29113656077455,
        24.782732167739486,
        25.650263215116205
      ]
    },
    "tau_cage_window_limited": {
      "mean": 0.0,
      "se": 0.0,
      "ci_lo": 0.0,
      "ci_hi": 0.0,
      "all": [
        0.0,
        0.0,
        0.0,
        0.0,
        0.0
      ]
    },
    "fr_n_tracks": {
      "mean": 0.0,
      "se": 0.0,
      "ci_lo": 0.0,
      "ci_hi": 0.0,
      "all": [
        0.0,
        0.0,
        0.0,
        0.0,
        0.0
      ]
    },
    "fr_mean_lifetime": {
      "mean": 0.0,
      "se": 0.0,
      "ci_lo": 0.0,
      "ci_hi": 0.0,
      "all": [
        0.0,
        0.0,
        0.0,
        0.0,
        0.0
      ]
    },
    "fr_median_lifetime": {
      "mean": 0.0,
      "se": 0.0,
      "ci_lo": 0.0,
      "ci_hi": 0.0,
      "all": [
        0.0,
        0.0,
        0.0,
        0.0,
        0.0
      ]
    },
    "fr_p90_lifetime": {
      "mean": 0.0,
      "se": 0.0,
      "ci_lo": 0.0,
      "ci_hi": 0.0,
      "all": [
        0.0,
        0.0,
        0.0,
        0.0,
        0.0
      ]
    },
    "fr_max_lifetime": {
      "mean": 0.0,
      "se": 0.0,
      "ci_lo": 0.0,
      "ci_hi": 0.0,
      "all": [
        0.0,
        0.0,
        0.0,
        0.0,
        0.0
      ]
    },
    "fr_tail_frac_ge_100": {
      "mean": 0.0,
      "se": 0.0,
      "ci_lo": 0.0,
      "ci_hi": 0.0,
      "all": [
        0.0,
        0.0,
        0.0,
        0.0,
        0.0
      ]
    },
    "fr_censored_frac": {
      "mean": 0.0,
      "se": 0.0,
      "ci_lo": 0.0,
      "ci_hi": 0.0,
      "all": [
        0.0,
        0.0,
        0.0,
        0.0,
        0.0
      ]
    },
    "fr_frames_with_clusters_frac": {
      "mean": 0.0,
      "se": 0.0,
      "ci_lo": 0.0,
      "ci_hi": 0.0,
      "all": [
        0.0,
        0.0,
        0.0,
        0.0,
        0.0
      ]
    }
  },
  "hysteresis": {
    "enabled": true,
    "D": [
      0.005,
      0.02,
      0.05,
      0.0738,
      0.1,
      0.15
    ],
    "phi_down": [
      0.9305471380551656,
      0.8501162926355997,
      0.6534146070480347,
      0.40624242027600604,
      0.14452528953552246,
      0.06174277017513911
    ],
    "phi_up": [
      0.9652757247289022,
      0.8321801026662191,
      0.6545359293619791,
      0.4075483977794647,
      0.13760924835999808,
      0.058863348017136254
    ],
    "r1_down": [
      0.012348328406612078,
      0.02093207153181235,
      0.032771140336990356,
      0.04079881186286608,
      0.047042871514956154,
      0.05044600864251455
    ],
    "r1_up": [
      0.01092398352921009,
      0.02121122491856416,
      0.032598902781804405,
      0.04097354660431544,
      0.047007765620946884,
      0.0504602479437987
    ],
    "AH_phi": 0.0010623284049332117,
    "AH_r1": 2.7658613647023517e-05
  }
}