{
  "noise": 0.005,
  "n_seeds": 5,
  "sim_cfg": {
    "N": 1024,
    "k": 7,
    "rho": 1.0,
    "v0": 0.05,
    "noise": 0.005,
    "dt": 1.0,
    "include_self_in_alignment": false,
    "dtype": "<class 'jax.numpy.float32'>",
    "L": 10.079368399158984
  },
  "exp_cfg": {
    "burnin_steps": 20000,
    "measure_steps": 50000,
    "max_lag": 8192,
    "dense_until": 128,
    "log_points": 48,
    "n_origins": 24,
    "lifetime_every": 8,
    "frustration_threshold": 0.5,
    "frustration_phi_threshold": 0.8,
    "cluster_overlap_threshold": 0.3,
    "nn_block": 1024,
    "eps": 1e-12
  },
  "scalars": {
    "phi_mean": {
      "mean": 0.9281662210822106,
      "se": 0.0021166008928963824,
      "ci_lo": 0.9239977732300758,
      "ci_hi": 0.9317726145188013,
      "all": [
        0.9217909574508667,
        0.924601229528586,
        0.9319978083173434,
        0.9324263458450636,
        0.930014764269193
      ]
    },
    "ell_nn2": {
      "mean": 0.16002682546774544,
      "se": 0.0020736702622342353,
      "ci_lo": 0.1570681811030954,
      "ci_hi": 0.16366594396842024,
      "all": [
        0.15590602904558182,
        0.15870234183967113,
        0.1610709714392821,
        0.15691270927588144,
        0.16754207573831081
      ]
    },
    "tau_rw": {
      "mean": 1139.9077432939587,
      "se": 16.72394204980141,
      "ci_lo": 1110.3867057717916,
      "ci_hi": 1168.3355673497151,
      "all": [
        1103.8078452351797,
        1120.2549965767096,
        1180.5909379119985,
        1114.7644545719702,
        1180.120482173935
      ]
    },
    "tau_rw_1e": {
      "mean": 978.8852226233333,
      "se": 14.123541606554763,
      "ci_lo": 955.5604106626997,
      "ci_hi": 1003.1327143273054,
      "all": [
        961.0976454343586,
        948.9870545274902,
        1004.1261370595889,
        959.3651494120797,
        1020.8501266831494
      ]
    },
    "tau_rw_window_limited": {
      "mean": 0.0,
      "se": 0.0,
      "ci_lo": 0.0,
      "ci_hi": 0.0,
      "all": [
        0.0,
        0.0,
        0.0,
        0.0,
        0.0
      ]
    },
    "tau_rel": {
      "mean": 151.3100739171772,
      "se": 2.357098058177488,
      "ci_lo": 147.2662177986626,
      "ci_hi": 155.3336039280378,
      "all": [
        157.05786099944854,
        154.5134896333821,
        146.2593990470902,
        153.52531837452773,
        145.19430153143742
      ]
    },
    "tau_rel_1e": {
      "mean": 155.70330001125416,
      "se": 3.4035891786839185,
      "ci_lo": 149.93413266195438,
      "ci_hi": 161.2072160891625,
      "all": [
        160.1436928947331,
        165.016603604268,
        157.0184353106959,
        150.40151113739435,
        145.9362571091794
      ]
    },
    "tau_rel_window_limited": {
      "mean": 0.0,
      "se": 0.0,
      "ci_lo": 0.0,
      "ci_hi": 0.0,
      "all": [
        0.0,
        0.0,
        0.0,
        0.0,
        0.0
      ]
    },
    "tau_cage": {
      "mean": 23.839754858297262,
      "se": 0.5046558831576815,
      "ci_lo": 22.899784632247606,
      "ci_hi": 24.694868990770164,
      "all": [
        22.38935633047323,
        22.969842633000315,
        24.944680224638084,
        24.077510290455642,
        24.817384812919034
      ]
    },
    "tau_cage_window_limited": {
      "mean": 0.0,
      "se": 0.0,
      "ci_lo": 0.0,
      "ci_hi": 0.0,
      "all": [
        0.0,
        0.0,
        0.0,
        0.0,
        0.0
      ]
    },
    "fr_n_tracks": {
      "mean": 0.8,
      "se": 0.48989794855663565,
      "ci_lo": 0.0,
      "ci_hi": 1.6,
      "all": [
        2.0,
        2.0,
        0.0,
        0.0,
        0.0
      ]
    },
    "fr_mean_lifetime": {
      "mean": 4.0,
      "se": 2.5298221281347035,
      "ci_lo": 0.0,
      "ci_hi": 8.8,
      "all": [
        12.0,
        8.0,
        0.0,
        0.0,
        0.0
      ]
    },
    "fr_median_lifetime": {
      "mean": 4.0,
      "se": 2.5298221281347035,
      "ci_lo": 0.0,
      "ci_hi": 8.8,
      "all": [
        12.0,
        8.0,
        0.0,
        0.0,
        0.0
      ]
    },
    "fr_p90_lifetime": {
      "mean": 4.64,
      "se": 3.060980235153438,
      "ci_lo": 0.0,
      "ci_hi": 10.719999999999999,
      "all": [
        15.2,
        8.0,
        0.0,
        0.0,
        0.0
      ]
    },
    "fr_max_lifetime": {
      "mean": 4.8,
      "se": 3.1999999999999993,
      "ci_lo": 0.0,
      "ci_hi": 9.6,
      "all": [
        16.0,
        8.0,
        0.0,
        0.0,
        0.0
      ]
    },
    "fr_tail_frac_ge_100": {
      "mean": 0.0,
      "se": 0.0,
      "ci_lo": 0.0,
      "ci_hi": 0.0,
      "all": [
        0.0,
        0.0,
        0.0,
        0.0,
        0.0
      ]
    },
    "fr_censored_frac": {
      "mean": 0.0,
      "se": 0.0,
      "ci_lo": 0.0,
      "ci_hi": 0.0,
      "all": [
        0.0,
        0.0,
        0.0,
        0.0,
        0.0
      ]
    },
    "fr_frames_with_clusters_frac": {
      "mean": 0.00015997440409534473,
      "se": 0.00010117669685389152,
      "ci_lo": 0.0,
      "ci_hi": 0.0003519436890097584,
      "all": [
        0.00047992321228603423,
        0.00031994880819068947,
        0.0,
        0.0,
        0.0
      ]
    }
  },
  "hysteresis": {
    "enabled": true,
    "D": [
      0.005,
      0.02,
      0.05,
      0.0738,
      0.1,
      0.15
    ],
    "phi_down": [
      0.9305471380551656,
      0.8501162926355997,
      0.6534146070480347,
      0.40624242027600604,
      0.14452528953552246,
      0.06174277017513911
    ],
    "phi_up": [
      0.9652757247289022,
      0.8321801026662191,
      0.6545359293619791,
      0.4075483977794647,
      0.13760924835999808,
      0.058863348017136254
    ],
    "r1_down": [
      0.012348328406612078,
      0.02093207153181235,
      0.032771140336990356,
      0.04079881186286608,
      0.047042871514956154,
      0.05044600864251455
    ],
    "r1_up": [
      0.01092398352921009,
      0.02121122491856416,
      0.032598902781804405,
      0.04097354660431544,
      0.047007765620946884,
      0.0504602479437987
    ],
    "AH_phi": 0.0010623284049332117,
    "AH_r1": 2.7658613647023517e-05
  }
}