{
  "noise": 0.15,
  "n_seeds": 5,
  "sim_cfg": {
    "N": 1024,
    "k": 7,
    "rho": 1.0,
    "v0": 0.05,
    "noise": 0.15,
    "dt": 1.0,
    "include_self_in_alignment": false,
    "dtype": "<class 'jax.numpy.float32'>",
    "L": 10.079368399158984
  },
  "exp_cfg": {
    "burnin_steps": 20000,
    "measure_steps": 50000,
    "max_lag": 8192,
    "dense_until": 128,
    "log_points": 48,
    "n_origins": 24,
    "lifetime_every": 8,
    "frustration_threshold": 0.5,
    "frustration_phi_threshold": 0.8,
    "cluster_overlap_threshold": 0.3,
    "nn_block": 1024,
    "eps": 1e-12
  },
  "scalars": {
    "phi_mean": {
      "mean": 0.060151607725614065,
      "se": 0.0017159699010486562,
      "ci_lo": 0.057381410524249075,
      "ci_hi": 0.06310700638762987,
      "all": [
        0.06157939632733663,
        0.057538082163470484,
        0.05613165502048408,
        0.05956757825333625,
        0.06594132686344285
      ]
    },
    "ell_nn2": {
      "mean": 0.33122610052426654,
      "se": 0.0007418040783315027,
      "ci_lo": 0.32976122374335926,
      "ci_hi": 0.3324111402034759,
      "all": [
        0.3328862351675828,
        0.3288207861284415,
        0.33024200548728305,
        0.3321017548441887,
        0.3320797209938367
      ]
    },
    "tau_rw": {
      "mean": 388.3966685119998,
      "se": 1.3387174114236953,
      "ci_lo": 385.57524592335113,
      "ci_hi": 390.4782596139065,
      "all": [
        390.7232213801211,
        390.50032752339956,
        383.5582179801385,
        389.7213064057696,
        387.48026927057026
      ]
    },
    "tau_rw_1e": {
      "mean": 270.74017698498744,
      "se": 1.0111699759725954,
      "ci_lo": 268.8576320306406,
      "ci_hi": 272.31915616658046,
      "all": [
        270.7109887433127,
        272.34959481939774,
        267.0758588634975,
        272.8450657567306,
        270.7193767419988
      ]
    },
    "tau_rw_window_limited": {
      "mean": 0.0,
      "se": 0.0,
      "ci_lo": 0.0,
      "ci_hi": 0.0,
      "all": [
        0.0,
        0.0,
        0.0,
        0.0,
        0.0
      ]
    },
    "tau_rel": {
      "mean": 1.1120054753646824,
      "se": 0.020289599351241874,
      "ci_lo": 1.07236202320664,
      "ci_hi": 1.1433405548684736,
      "all": [
        1.1009082622165705,
        1.1579511548121897,
        1.1399498421466605,
        1.1209007804246687,
        1.040317337223323
      ]
    },
    "tau_rel_1e": {
      "mean": 0.6890638333217785,
      "se": 0.0021655181128133107,
      "ci_lo": 0.6854946385424658,
      "ci_hi": 0.6926307087285436,
      "all": [
        0.6827191156322895,
        0.6929278928827638,
        0.6871942279336585,
        0.6948198277170099,
        0.6876581024431708
      ]
    },
    "tau_rel_window_limited": {
      "mean": 0.0,
      "se": 0.0,
      "ci_lo": 0.0,
      "ci_hi": 0.0,
      "all": [
        0.0,
        0.0,
        0.0,
        0.0,
        0.0
      ]
    },
    "tau_cage": {
      "mean": 62.51175786941535,
      "se": 0.3414804815779432,
      "ci_lo": 61.94617270359576,
      "ci_hi": 63.14598157642574,
      "all": [
        62.80994611681667,
        61.89287914533634,
        61.831985786764996,
        62.342027012347465,
        63.681951285811266
      ]
    },
    "tau_cage_window_limited": {
      "mean": 0.0,
      "se": 0.0,
      "ci_lo": 0.0,
      "ci_hi": 0.0,
      "all": [
        0.0,
        0.0,
        0.0,
        0.0,
        0.0
      ]
    },
    "fr_n_tracks": {
      "mean": 0.0,
      "se": 0.0,
      "ci_lo": 0.0,
      "ci_hi": 0.0,
      "all": [
        0.0,
        0.0,
        0.0,
        0.0,
        0.0
      ]
    },
    "fr_mean_lifetime": {
      "mean": 0.0,
      "se": 0.0,
      "ci_lo": 0.0,
      "ci_hi": 0.0,
      "all": [
        0.0,
        0.0,
        0.0,
        0.0,
        0.0
      ]
    },
    "fr_median_lifetime": {
      "mean": 0.0,
      "se": 0.0,
      "ci_lo": 0.0,
      "ci_hi": 0.0,
      "all": [
        0.0,
        0.0,
        0.0,
        0.0,
        0.0
      ]
    },
    "fr_p90_lifetime": {
      "mean": 0.0,
      "se": 0.0,
      "ci_lo": 0.0,
      "ci_hi": 0.0,
      "all": [
        0.0,
        0.0,
        0.0,
        0.0,
        0.0
      ]
    },
    "fr_max_lifetime": {
      "mean": 0.0,
      "se": 0.0,
      "ci_lo": 0.0,
      "ci_hi": 0.0,
      "all": [
        0.0,
        0.0,
        0.0,
        0.0,
        0.0
      ]
    },
    "fr_tail_frac_ge_100": {
      "mean": 0.0,
      "se": 0.0,
      "ci_lo": 0.0,
      "ci_hi": 0.0,
      "all": [
        0.0,
        0.0,
        0.0,
        0.0,
        0.0
      ]
    },
    "fr_censored_frac": {
      "mean": 0.0,
      "se": 0.0,
      "ci_lo": 0.0,
      "ci_hi": 0.0,
      "all": [
        0.0,
        0.0,
        0.0,
        0.0,
        0.0
      ]
    },
    "fr_frames_with_clusters_frac": {
      "mean": 0.0,
      "se": 0.0,
      "ci_lo": 0.0,
      "ci_hi": 0.0,
      "all": [
        0.0,
        0.0,
        0.0,
        0.0,
        0.0
      ]
    }
  },
  "hysteresis": {
    "enabled": true,
    "D": [
      0.005,
      0.02,
      0.05,
      0.0738,
      0.1,
      0.15
    ],
    "phi_down": [
      0.9305471380551656,
      0.8501162926355997,
      0.6534146070480347,
      0.40624242027600604,
      0.14452528953552246,
      0.06174277017513911
    ],
    "phi_up": [
      0.9652757247289022,
      0.8321801026662191,
      0.6545359293619791,
      0.4075483977794647,
      0.13760924835999808,
      0.058863348017136254
    ],
    "r1_down": [
      0.012348328406612078,
      0.02093207153181235,
      0.032771140336990356,
      0.04079881186286608,
      0.047042871514956154,
      0.05044600864251455
    ],
    "r1_up": [
      0.01092398352921009,
      0.02121122491856416,
      0.032598902781804405,
      0.04097354660431544,
      0.047007765620946884,
      0.0504602479437987
    ],
    "AH_phi": 0.0010623284049332117,
    "AH_r1": 2.7658613647023517e-05
  }
}