{
  "noise": 0.02,
  "n_seeds": 5,
  "sim_cfg": {
    "N": 1024,
    "k": 7,
    "rho": 1.0,
    "v0": 0.05,
    "noise": 0.02,
    "dt": 1.0,
    "include_self_in_alignment": false,
    "dtype": "<class 'jax.numpy.float32'>",
    "L": 10.079368399158984
  },
  "exp_cfg": {
    "burnin_steps": 20000,
    "measure_steps": 50000,
    "max_lag": 8192,
    "dense_until": 128,
    "log_points": 48,
    "n_origins": 24,
    "lifetime_every": 8,
    "frustration_threshold": 0.5,
    "frustration_phi_threshold": 0.8,
    "cluster_overlap_threshold": 0.3,
    "nn_block": 1024,
    "eps": 1e-12
  },
  "scalars": {
    "phi_mean": {
      "mean": 0.8462216461698215,
      "se": 0.003905530234792223,
      "ci_lo": 0.8395467832684517,
      "ci_hi": 0.8525089368224144,
      "all": [
        0.8491299053033193,
        0.8354640503724416,
        0.8385943422714869,
        0.8527474229534467,
        0.8551725099484125
      ]
    },
    "ell_nn2": {
      "mean": 0.20908384832243124,
      "se": 0.0016465279534391088,
      "ci_lo": 0.20598356388509273,
      "ci_hi": 0.21143601797521114,
      "all": [
        0.20348829527695975,
        0.2099022939801216,
        0.20757914955417314,
        0.21257571876049042,
        0.21187378404041132
      ]
    },
    "tau_rw": {
      "mean": 536.944167539119,
      "se": 5.159872350095642,
      "ci_lo": 528.3718406286159,
      "ci_hi": 546.0006744423711,
      "all": [
        525.5120598277689,
        536.6565657915481,
        527.089258847997,
        553.725580067789,
        541.7373731604919
      ]
    },
    "tau_rw_1e": {
      "mean": 461.70263911279073,
      "se": 3.049580247315029,
      "ci_lo": 456.6779006341794,
      "ci_hi": 466.7273775914021,
      "all": [
        454.0620426151711,
        458.02978804052344,
        459.2058418595081,
        466.10428231576935,
        471.1112407329817
      ]
    },
    "tau_rw_window_limited": {
      "mean": 0.0,
      "se": 0.0,
      "ci_lo": 0.0,
      "ci_hi": 0.0,
      "all": [
        0.0,
        0.0,
        0.0,
        0.0,
        0.0
      ]
    },
    "tau_rel": {
      "mean": 57.53043678412305,
      "se": 2.0981927879840265,
      "ci_lo": 54.26695336945666,
      "ci_hi": 61.20058328198926,
      "all": [
        53.86260181347183,
        57.57770212511326,
        58.34816580798715,
        53.01593054761317,
        64.84778362642979
      ]
    },
    "tau_rel_1e": {
      "mean": 46.820180151570675,
      "se": 2.5535294143551326,
      "ci_lo": 42.41381444895235,
      "ci_hi": 51.226545854189,
      "all": [
        39.80340000709121,
        50.5531547865356,
        53.57777628006239,
        42.29570254641515,
        47.87086713774901
      ]
    },
    "tau_rel_window_limited": {
      "mean": 0.0,
      "se": 0.0,
      "ci_lo": 0.0,
      "ci_hi": 0.0,
      "all": [
        0.0,
        0.0,
        0.0,
        0.0,
        0.0
      ]
    },
    "tau_cage": {
      "mean": 21.78371545030152,
      "se": 0.41588993108934497,
      "ci_lo": 21.003297193966958,
      "ci_hi": 22.478799465091544,
      "all": [
        22.591631692679233,
        20.997997251896162,
        20.571326044173436,
        22.453111677340463,
        22.30451058541833
      ]
    },
    "tau_cage_window_limited": {
      "mean": 0.0,
      "se": 0.0,
      "ci_lo": 0.0,
      "ci_hi": 0.0,
      "all": [
        0.0,
        0.0,
        0.0,
        0.0,
        0.0
      ]
    },
    "fr_n_tracks": {
      "mean": 30.0,
      "se": 3.9623225512317894,
      "ci_lo": 23.0,
      "ci_hi": 37.2,
      "all": [
        18.0,
        42.0,
        29.0,
        27.0,
        34.0
      ]
    },
    "fr_mean_lifetime": {
      "mean": 9.6681198149758,
      "se": 0.35353289301754487,
      "ci_lo": 8.944602208699571,
      "ci_hi": 10.099968876439466,
      "all": [
        9.777777777777779,
        10.095238095238095,
        8.275862068965518,
        10.074074074074074,
        10.117647058823529
      ]
    },
    "fr_median_lifetime": {
      "mean": 8.0,
      "se": 0.0,
      "ci_lo": 8.0,
      "ci_hi": 8.0,
      "all": [
        8.0,
        8.0,
        8.0,
        8.0,
        8.0
      ]
    },
    "fr_p90_lifetime": {
      "mean": 14.4,
      "se": 1.5999999999999999,
      "ci_lo": 11.2,
      "ci_hi": 16.0,
      "all": [
        16.0,
        16.0,
        8.0,
        16.0,
        16.0
      ]
    },
    "fr_max_lifetime": {
      "mean": 24.0,
      "se": 3.5777087639996634,
      "ci_lo": 17.6,
      "ci_hi": 30.4,
      "all": [
        16.0,
        24.0,
        16.0,
        32.0,
        32.0
      ]
    },
    "fr_tail_frac_ge_100": {
      "mean": 0.0,
      "se": 0.0,
      "ci_lo": 0.0,
      "ci_hi": 0.0,
      "all": [
        0.0,
        0.0,
        0.0,
        0.0,
        0.0
      ]
    },
    "fr_censored_frac": {
      "mean": 0.0,
      "se": 0.0,
      "ci_lo": 0.0,
      "ci_hi": 0.0,
      "all": [
        0.0,
        0.0,
        0.0,
        0.0,
        0.0
      ]
    },
    "fr_frames_with_clusters_frac": {
      "mean": 0.005215165573508239,
      "se": 0.0005532432079920197,
      "ci_lo": 0.004287314029755239,
      "ci_hi": 0.0061110222364421695,
      "all": [
        0.0035194368900975845,
        0.006718924972004479,
        0.004799232122860342,
        0.004959206526955687,
        0.0060790273556231
      ]
    }
  },
  "hysteresis": {
    "enabled": true,
    "D": [
      0.005,
      0.02,
      0.05,
      0.0738,
      0.1,
      0.15
    ],
    "phi_down": [
      0.9305471380551656,
      0.8501162926355997,
      0.6534146070480347,
      0.40624242027600604,
      0.14452528953552246,
      0.06174277017513911
    ],
    "phi_up": [
      0.9652757247289022,
      0.8321801026662191,
      0.6545359293619791,
      0.4075483977794647,
      0.13760924835999808,
      0.058863348017136254
    ],
    "r1_down": [
      0.012348328406612078,
      0.02093207153181235,
      0.032771140336990356,
      0.04079881186286608,
      0.047042871514956154,
      0.05044600864251455
    ],
    "r1_up": [
      0.01092398352921009,
      0.02121122491856416,
      0.032598902781804405,
      0.04097354660431544,
      0.047007765620946884,
      0.0504602479437987
    ],
    "AH_phi": 0.0010623284049332117,
    "AH_r1": 2.7658613647023517e-05
  }
}