{
  "noise": 0.05,
  "n_seeds": 5,
  "sim_cfg": {
    "N": 1024,
    "k": 7,
    "rho": 1.0,
    "v0": 0.05,
    "noise": 0.05,
    "dt": 1.0,
    "include_self_in_alignment": false,
    "dtype": "<class 'jax.numpy.float32'>",
    "L": 10.079368399158984
  },
  "exp_cfg": {
    "burnin_steps": 20000,
    "measure_steps": 50000,
    "max_lag": 8192,
    "dense_until": 128,
    "log_points": 48,
    "n_origins": 24,
    "lifetime_every": 8,
    "frustration_threshold": 0.5,
    "frustration_phi_threshold": 0.8,
    "cluster_overlap_threshold": 0.3,
    "nn_block": 1024,
    "eps": 1e-12
  },
  "scalars": {
    "phi_mean": {
      "mean": 0.6621420068045457,
      "se": 0.004239136921908393,
      "ci_lo": 0.653910720658799,
      "ci_hi": 0.668549558520317,
      "all": [
        0.6694478690624237,
        0.6649350821971893,
        0.6466133929789066,
        0.6694584861397743,
        0.6602552036444346
      ]
    },
    "ell_nn2": {
      "mean": 0.24618331839640936,
      "se": 0.001600197049963271,
      "ci_lo": 0.24354860438965262,
      "ci_hi": 0.24881552072862786,
      "all": [
        0.24817082223792872,
        0.2496715635061264,
        0.24828182719647884,
        0.2413946514328321,
        0.24339772760868073
      ]
    },
    "tau_rw": {
      "mean": 307.96748537938186,
      "se": 1.8520370426081065,
      "ci_lo": 305.65839369381547,
      "ci_hi": 311.75865016186873,
      "all": [
        306.5975955757101,
        315.2859334065532,
        306.5768779043244,
        306.33785501397375,
        305.03916499634767
      ]
    },
    "tau_rw_1e": {
      "mean": 268.7322637705038,
      "se": 2.7903423905644633,
      "ci_lo": 264.588338834675,
      "ci_hi": 274.17945363235657,
      "all": [
        269.77362258614664,
        278.335614641558,
        266.11680165096243,
        268.13351371483446,
        261.30176625901737
      ]
    },
    "tau_rw_window_limited": {
      "mean": 0.0,
      "se": 0.0,
      "ci_lo": 0.0,
      "ci_hi": 0.0,
      "all": [
        0.0,
        0.0,
        0.0,
        0.0,
        0.0
      ]
    },
    "tau_rel": {
      "mean": 25.143179850826858,
      "se": 0.702629168451912,
      "ci_lo": 23.80247898003542,
      "ci_hi": 26.231561322614517,
      "all": [
        25.265955295952644,
        24.702409832635354,
        27.04076599197718,
        22.801608466986316,
        25.905159666582794
      ]
    },
    "tau_rel_1e": {
      "mean": 13.115083113470527,
      "se": 0.644799544597578,
      "ci_lo": 12.239989644963632,
      "ci_hi": 14.368105987547963,
      "all": [
        11.376546634392428,
        12.952665445530423,
        15.380256578985984,
        13.118852153192362,
        12.747094755251444
      ]
    },
    "tau_rel_window_limited": {
      "mean": 0.0,
      "se": 0.0,
      "ci_lo": 0.0,
      "ci_hi": 0.0,
      "all": [
        0.0,
        0.0,
        0.0,
        0.0,
        0.0
      ]
    },
    "tau_cage": {
      "mean": 19.366724025884178,
      "se": 0.264872118122495,
      "ci_lo": 18.92215170987469,
      "ci_hi": 19.8596210166112,
      "all": [
        20.14398071187465,
        19.75095283342353,
        18.6166944593747,
        19.2067820107395,
        19.11521011400852
      ]
    },
    "tau_cage_window_limited": {
      "mean": 0.0,
      "se": 0.0,
      "ci_lo": 0.0,
      "ci_hi": 0.0,
      "all": [
        0.0,
        0.0,
        0.0,
        0.0,
        0.0
      ]
    },
    "fr_n_tracks": {
      "mean": 0.0,
      "se": 0.0,
      "ci_lo": 0.0,
      "ci_hi": 0.0,
      "all": [
        0.0,
        0.0,
        0.0,
        0.0,
        0.0
      ]
    },
    "fr_mean_lifetime": {
      "mean": 0.0,
      "se": 0.0,
      "ci_lo": 0.0,
      "ci_hi": 0.0,
      "all": [
        0.0,
        0.0,
        0.0,
        0.0,
        0.0
      ]
    },
    "fr_median_lifetime": {
      "mean": 0.0,
      "se": 0.0,
      "ci_lo": 0.0,
      "ci_hi": 0.0,
      "all": [
        0.0,
        0.0,
        0.0,
        0.0,
        0.0
      ]
    },
    "fr_p90_lifetime": {
      "mean": 0.0,
      "se": 0.0,
      "ci_lo": 0.0,
      "ci_hi": 0.0,
      "all": [
        0.0,
        0.0,
        0.0,
        0.0,
        0.0
      ]
    },
    "fr_max_lifetime": {
      "mean": 0.0,
      "se": 0.0,
      "ci_lo": 0.0,
      "ci_hi": 0.0,
      "all": [
        0.0,
        0.0,
        0.0,
        0.0,
        0.0
      ]
    },
    "fr_tail_frac_ge_100": {
      "mean": 0.0,
      "se": 0.0,
      "ci_lo": 0.0,
      "ci_hi": 0.0,
      "all": [
        0.0,
        0.0,
        0.0,
        0.0,
        0.0
      ]
    },
    "fr_censored_frac": {
      "mean": 0.0,
      "se": 0.0,
      "ci_lo": 0.0,
      "ci_hi": 0.0,
      "all": [
        0.0,
        0.0,
        0.0,
        0.0,
        0.0
      ]
    },
    "fr_frames_with_clusters_frac": {
      "mean": 0.0,
      "se": 0.0,
      "ci_lo": 0.0,
      "ci_hi": 0.0,
      "all": [
        0.0,
        0.0,
        0.0,
        0.0,
        0.0
      ]
    }
  },
  "hysteresis": {
    "enabled": true,
    "D": [
      0.005,
      0.02,
      0.05,
      0.0738,
      0.1,
      0.15
    ],
    "phi_down": [
      0.9305471380551656,
      0.8501162926355997,
      0.6534146070480347,
      0.40624242027600604,
      0.14452528953552246,
      0.06174277017513911
    ],
    "phi_up": [
      0.9652757247289022,
      0.8321801026662191,
      0.6545359293619791,
      0.4075483977794647,
      0.13760924835999808,
      0.058863348017136254
    ],
    "r1_down": [
      0.012348328406612078,
      0.02093207153181235,
      0.032771140336990356,
      0.04079881186286608,
      0.047042871514956154,
      0.05044600864251455
    ],
    "r1_up": [
      0.01092398352921009,
      0.02121122491856416,
      0.032598902781804405,
      0.04097354660431544,
      0.047007765620946884,
      0.0504602479437987
    ],
    "AH_phi": 0.0010623284049332117,
    "AH_r1": 2.7658613647023517e-05
  }
}