{
  "noise": 0.0738,
  "n_seeds": 5,
  "sim_cfg": {
    "N": 1024,
    "k": 7,
    "rho": 1.0,
    "v0": 0.05,
    "noise": 0.0738,
    "dt": 1.0,
    "include_self_in_alignment": false,
    "dtype": "<class 'jax.numpy.float32'>",
    "L": 10.079368399158984
  },
  "exp_cfg": {
    "burnin_steps": 20000,
    "measure_steps": 50000,
    "max_lag": 8192,
    "dense_until": 128,
    "log_points": 48,
    "n_origins": 24,
    "lifetime_every": 8,
    "frustration_threshold": 0.5,
    "frustration_phi_threshold": 0.8,
    "cluster_overlap_threshold": 0.3,
    "nn_block": 1024,
    "eps": 1e-12
  },
  "scalars": {
    "phi_mean": {
      "mean": 0.39949736247460044,
      "se": 0.005733911837821654,
      "ci_lo": 0.3880665489099919,
      "ci_hi": 0.40850904850910114,
      "all": [
        0.4017564120392005,
        0.40285181005795795,
        0.4130625482648611,
        0.40159720554947853,
        0.3782188364615043
      ]
    },
    "ell_nn2": {
      "mean": 0.2648971767475208,
      "se": 0.0005071718028675645,
      "ci_lo": 0.2640388380736113,
      "ci_hi": 0.2658078543841839,
      "all": [
        0.2639620465536912,
        0.26626930634180707,
        0.26594648013512295,
        0.26445541468759376,
        0.26385263601938885
      ]
    },
    "tau_rw": {
      "mean": 226.1163377816569,
      "se": 0.7211132865976163,
      "ci_lo": 224.9414218212249,
      "ci_hi": 227.50301428627776,
      "all": [
        224.58781967251775,
        225.5249017865367,
        228.5230519910794,
        225.0032839872762,
        226.94263147087446
      ]
    },
    "tau_rw_1e": {
      "mean": 196.6550397331399,
      "se": 1.1352575275493701,
      "ci_lo": 195.1184426694373,
      "ci_hi": 198.8570654586512,
      "all": [
        196.39613949385298,
        194.8614739176665,
        201.00923796057882,
        194.83924594110303,
        196.1691013524981
      ]
    },
    "tau_rw_window_limited": {
      "mean": 0.0,
      "se": 0.0,
      "ci_lo": 0.0,
      "ci_hi": 0.0,
      "all": [
        0.0,
        0.0,
        0.0,
        0.0,
        0.0
      ]
    },
    "tau_rel": {
      "mean": 14.865167893160466,
      "se": 0.29564086356006297,
      "ci_lo": 14.350478700430134,
      "ci_hi": 15.387344814126257,
      "all": [
        15.252117870512286,
        14.812123057821053,
        14.706018419235312,
        13.89605085793911,
        15.659529260294564
      ]
    },
    "tau_rel_1e": {
      "mean": 4.3629075868069425,
      "se": 0.17210356764828816,
      "ci_lo": 4.065939077432939,
      "ci_hi": 4.6600857094235915,
      "all": [
        4.7445584438226645,
        4.237301408556468,
        4.124596077008287,
        3.921600912295827,
        4.786481092351469
      ]
    },
    "tau_rel_window_limited": {
      "mean": 0.0,
      "se": 0.0,
      "ci_lo": 0.0,
      "ci_hi": 0.0,
      "all": [
        0.0,
        0.0,
        0.0,
        0.0,
        0.0
      ]
    },
    "tau_cage": {
      "mean": 18.24900036734884,
      "se": 0.15278869685165636,
      "ci_lo": 17.940801561988962,
      "ci_hi": 18.444385769335305,
      "all": [
        18.396655197502763,
        18.440414351430725,
        18.461619765914342,
        18.29800969314828,
        17.648302828748097
      ]
    },
    "tau_cage_window_limited": {
      "mean": 0.0,
      "se": 0.0,
      "ci_lo": 0.0,
      "ci_hi": 0.0,
      "all": [
        0.0,
        0.0,
        0.0,
        0.0,
        0.0
      ]
    },
    "fr_n_tracks": {
      "mean": 0.0,
      "se": 0.0,
      "ci_lo": 0.0,
      "ci_hi": 0.0,
      "all": [
        0.0,
        0.0,
        0.0,
        0.0,
        0.0
      ]
    },
    "fr_mean_lifetime": {
      "mean": 0.0,
      "se": 0.0,
      "ci_lo": 0.0,
      "ci_hi": 0.0,
      "all": [
        0.0,
        0.0,
        0.0,
        0.0,
        0.0
      ]
    },
    "fr_median_lifetime": {
      "mean": 0.0,
      "se": 0.0,
      "ci_lo": 0.0,
      "ci_hi": 0.0,
      "all": [
        0.0,
        0.0,
        0.0,
        0.0,
        0.0
      ]
    },
    "fr_p90_lifetime": {
      "mean": 0.0,
      "se": 0.0,
      "ci_lo": 0.0,
      "ci_hi": 0.0,
      "all": [
        0.0,
        0.0,
        0.0,
        0.0,
        0.0
      ]
    },
    "fr_max_lifetime": {
      "mean": 0.0,
      "se": 0.0,
      "ci_lo": 0.0,
      "ci_hi": 0.0,
      "all": [
        0.0,
        0.0,
        0.0,
        0.0,
        0.0
      ]
    },
    "fr_tail_frac_ge_100": {
      "mean": 0.0,
      "se": 0.0,
      "ci_lo": 0.0,
      "ci_hi": 0.0,
      "all": [
        0.0,
        0.0,
        0.0,
        0.0,
        0.0
      ]
    },
    "fr_censored_frac": {
      "mean": 0.0,
      "se": 0.0,
      "ci_lo": 0.0,
      "ci_hi": 0.0,
      "all": [
        0.0,
        0.0,
        0.0,
        0.0,
        0.0
      ]
    },
    "fr_frames_with_clusters_frac": {
      "mean": 0.0,
      "se": 0.0,
      "ci_lo": 0.0,
      "ci_hi": 0.0,
      "all": [
        0.0,
        0.0,
        0.0,
        0.0,
        0.0
      ]
    }
  },
  "hysteresis": {
    "enabled": true,
    "D": [
      0.005,
      0.02,
      0.05,
      0.0738,
      0.1,
      0.15
    ],
    "phi_down": [
      0.9305471380551656,
      0.8501162926355997,
      0.6534146070480347,
      0.40624242027600604,
      0.14452528953552246,
      0.06174277017513911
    ],
    "phi_up": [
      0.9652757247289022,
      0.8321801026662191,
      0.6545359293619791,
      0.4075483977794647,
      0.13760924835999808,
      0.058863348017136254
    ],
    "r1_down": [
      0.012348328406612078,
      0.02093207153181235,
      0.032771140336990356,
      0.04079881186286608,
      0.047042871514956154,
      0.05044600864251455
    ],
    "r1_up": [
      0.01092398352921009,
      0.02121122491856416,
      0.032598902781804405,
      0.04097354660431544,
      0.047007765620946884,
      0.0504602479437987
    ],
    "AH_phi": 0.0010623284049332117,
    "AH_r1": 2.7658613647023517e-05
  }
}