{
  "noise": 0.15,
  "n_seeds": 5,
  "sim_cfg": {
    "N": 1024,
    "k": 3,
    "rho": 1.0,
    "v0": 0.05,
    "noise": 0.15,
    "dt": 1.0,
    "include_self_in_alignment": false,
    "dtype": "<class 'jax.numpy.float32'>",
    "L": 10.079368399158984
  },
  "exp_cfg": {
    "burnin_steps": 20000,
    "measure_steps": 50000,
    "max_lag": 8192,
    "dense_until": 128,
    "log_points": 48,
    "n_origins": 24,
    "lifetime_every": 8,
    "frustration_threshold": 0.5,
    "frustration_phi_threshold": 0.8,
    "cluster_overlap_threshold": 0.3,
    "nn_block": 1024,
    "eps": 1e-12
  },
  "scalars": {
    "phi_mean": {
      "mean": 0.048385196144226934,
      "se": 0.0011969733790592558,
      "ci_lo": 0.04654836162614325,
      "ci_hi": 0.05043238605527828,
      "all": [
        0.04896263516275212,
        0.05173595707553128,
        0.0481858627560238,
        0.04876819629377375,
        0.04427332943305373
      ]
    },
    "ell_nn2": {
      "mean": 0.3135624726613363,
      "se": 0.000776608511653017,
      "ci_lo": 0.3123334719240666,
      "ci_hi": 0.3151485835512479,
      "all": [
        0.31291034693519276,
        0.311688594520092,
        0.3163776323199272,
        0.3136996738612652,
        0.31313611567020416
      ]
    },
    "tau_rw": {
      "mean": 237.4936877587968,
      "se": 0.8394877875868656,
      "ci_lo": 235.95975271551782,
      "ci_hi": 238.89601116148788,
      "all": [
        239.42687307280346,
        235.9154297984653,
        238.4436628701124,
        238.58950042640635,
        235.09297262619643
      ]
    },
    "tau_rw_1e": {
      "mean": 170.07808409287412,
      "se": 1.0707222815191684,
      "ci_lo": 168.19477861612933,
      "ci_hi": 171.74345774309657,
      "all": [
        172.5323759048992,
        169.54897447059457,
        171.67326101812984,
        170.3033975748621,
        166.33241149588486
      ]
    },
    "tau_rw_window_limited": {
      "mean": 0.0,
      "se": 0.0,
      "ci_lo": 0.0,
      "ci_hi": 0.0,
      "all": [
        0.0,
        0.0,
        0.0,
        0.0,
        0.0
      ]
    },
    "tau_rel": {
      "mean": 1.392284061186464,
      "se": 0.02088625458140369,
      "ci_lo": 1.3568016849000917,
      "ci_hi": 1.4289535047976547,
      "all": [
        1.366885833178486,
        1.44595425685847,
        1.3582817162899066,
        1.440018920234377,
        1.35027957937108
      ]
    },
    "tau_rel_1e": {
      "mean": 0.7109129086791353,
      "se": 0.0018887713221042263,
      "ci_lo": 0.7083942144309485,
      "ci_hi": 0.7145802552104807,
      "all": [
        0.7085237447244769,
        0.7075615201885432,
        0.7104864064875455,
        0.7181923296664082,
        0.7098005423287028
      ]
    },
    "tau_rel_window_limited": {
      "mean": 0.0,
      "se": 0.0,
      "ci_lo": 0.0,
      "ci_hi": 0.0,
      "all": [
        0.0,
        0.0,
        0.0,
        0.0,
        0.0
      ]
    },
    "tau_cage": {
      "mean": 49.54203110890804,
      "se": 0.3064091567265092,
      "ci_lo": 48.96774776836329,
      "ci_hi": 50.051876764727446,
      "all": [
        49.225595251640314,
        48.53182432114183,
        50.25800290206698,
        50.01767062675063,
        49.67706244294047
      ]
    },
    "tau_cage_window_limited": {
      "mean": 0.0,
      "se": 0.0,
      "ci_lo": 0.0,
      "ci_hi": 0.0,
      "all": [
        0.0,
        0.0,
        0.0,
        0.0,
        0.0
      ]
    },
    "fr_n_tracks": {
      "mean": 0.0,
      "se": 0.0,
      "ci_lo": 0.0,
      "ci_hi": 0.0,
      "all": [
        0.0,
        0.0,
        0.0,
        0.0,
        0.0
      ]
    },
    "fr_mean_lifetime": {
      "mean": 0.0,
      "se": 0.0,
      "ci_lo": 0.0,
      "ci_hi": 0.0,
      "all": [
        0.0,
        0.0,
        0.0,
        0.0,
        0.0
      ]
    },
    "fr_median_lifetime": {
      "mean": 0.0,
      "se": 0.0,
      "ci_lo": 0.0,
      "ci_hi": 0.0,
      "all": [
        0.0,
        0.0,
        0.0,
        0.0,
        0.0
      ]
    },
    "fr_p90_lifetime": {
      "mean": 0.0,
      "se": 0.0,
      "ci_lo": 0.0,
      "ci_hi": 0.0,
      "all": [
        0.0,
        0.0,
        0.0,
        0.0,
        0.0
      ]
    },
    "fr_max_lifetime": {
      "mean": 0.0,
      "se": 0.0,
      "ci_lo": 0.0,
      "ci_hi": 0.0,
      "all": [
        0.0,
        0.0,
        0.0,
        0.0,
        0.0
      ]
    },
    "fr_tail_frac_ge_100": {
      "mean": 0.0,
      "se": 0.0,
      "ci_lo": 0.0,
      "ci_hi": 0.0,
      "all": [
        0.0,
        0.0,
        0.0,
        0.0,
        0.0
      ]
    },
    "fr_censored_frac": {
      "mean": 0.0,
      "se": 0.0,
      "ci_lo": 0.0,
      "ci_hi": 0.0,
      "all": [
        0.0,
        0.0,
        0.0,
        0.0,
        0.0
      ]
    },
    "fr_frames_with_clusters_frac": {
      "mean": 0.0,
      "se": 0.0,
      "ci_lo": 0.0,
      "ci_hi": 0.0,
      "all": [
        0.0,
        0.0,
        0.0,
        0.0,
        0.0
      ]
    }
  },
  "hysteresis": {
    "enabled": true,
    "D": [
      0.005,
      0.02,
      0.05,
      0.0738,
      0.1,
      0.15
    ],
    "phi_down": [
      0.4623918334643046,
      0.1930918941895167,
      0.12704830865065256,
      0.0865393728017807,
      0.06480063249667485,
      0.048504951099554695
    ],
    "phi_up": [
      0.5117978851000468,
      0.192145437002182,
      0.12396126985549927,
      0.08947994063297908,
      0.0660402278105418,
      0.0473981611430645
    ],
    "r1_down": [
      0.023024242992202442,
      0.036628098537524544,
      0.05026262874404589,
      0.057843575874964394,
      0.06298526128133138,
      0.06664219001928966
    ],
    "r1_up": [
      0.022544534876942635,
      0.036265081415573754,
      0.050521651903788246,
      0.05809605245788892,
      0.06262774517138799,
      0.06629061202208202
    ],
    "AH_phi": 0.0006232945437232648,
    "AH_r1": 4.745614739755812e-05
  }
}