{
  "noise": 0.005,
  "n_seeds": 5,
  "sim_cfg": {
    "N": 1024,
    "k": 3,
    "rho": 1.0,
    "v0": 0.05,
    "noise": 0.005,
    "dt": 1.0,
    "include_self_in_alignment": false,
    "dtype": "<class 'jax.numpy.float32'>",
    "L": 10.079368399158984
  },
  "exp_cfg": {
    "burnin_steps": 20000,
    "measure_steps": 50000,
    "max_lag": 8192,
    "dense_until": 128,
    "log_points": 48,
    "n_origins": 24,
    "lifetime_every": 8,
    "frustration_threshold": 0.5,
    "frustration_phi_threshold": 0.8,
    "cluster_overlap_threshold": 0.3,
    "nn_block": 1024,
    "eps": 1e-12
  },
  "scalars": {
    "phi_mean": {
      "mean": 0.4534495580941439,
      "se": 0.009732066649998677,
      "ci_lo": 0.43488378785550597,
      "ci_hi": 0.4693725794553757,
      "all": [
        0.4643657263368368,
        0.46358250454068184,
        0.4380110278725624,
        0.47727447003126144,
        0.42401406168937683
      ]
    },
    "ell_nn2": {
      "mean": 0.07026488156989216,
      "se": 0.0004705158526217166,
      "ci_lo": 0.06949445175472646,
      "ci_hi": 0.07102199501047532,
      "all": [
        0.07143640285357833,
        0.07048945967108011,
        0.07087385483706991,
        0.06870386547719438,
        0.0698208250105381
      ]
    },
    "tau_rw": {
      "mean": 390.6979855950247,
      "se": 1.1755545794478817,
      "ci_lo": 388.3812972496809,
      "ci_hi": 392.3562762987574,
      "all": [
        391.21928295164383,
        391.12126862301324,
        392.1988273624951,
        386.1627919780886,
        392.7877570598827
      ]
    },
    "tau_rw_1e": {
      "mean": 338.0714282847121,
      "se": 1.9625141500170633,
      "ci_lo": 334.5964309598556,
      "ci_hi": 341.4308483593739,
      "all": [
        335.01526996626455,
        341.0993450347758,
        338.9511412522307,
        332.2891799327458,
        343.0022052375436
      ]
    },
    "tau_rw_window_limited": {
      "mean": 0.0,
      "se": 0.0,
      "ci_lo": 0.0,
      "ci_hi": 0.0,
      "all": [
        0.0,
        0.0,
        0.0,
        0.0,
        0.0
      ]
    },
    "tau_rel": {
      "mean": 168.1106784542896,
      "se": 2.047311928610248,
      "ci_lo": 164.55543668352368,
      "ci_hi": 171.6659202250556,
      "all": [
        171.10899890885293,
        162.8112770034347,
        164.03022403962854,
        169.09418133149194,
        173.50871098804004
      ]
    },
    "tau_rel_1e": {
      "mean": 164.53349060651587,
      "se": 1.6764128755260448,
      "ci_lo": 161.77306672541542,
      "ci_hi": 167.29391448761632,
      "all": [
        165.85656991198866,
        160.85243453694576,
        160.67866550431245,
        165.80313354456067,
        169.47664953477178
      ]
    },
    "tau_rel_window_limited": {
      "mean": 0.0,
      "se": 0.0,
      "ci_lo": 0.0,
      "ci_hi": 0.0,
      "all": [
        0.0,
        0.0,
        0.0,
        0.0,
        0.0
      ]
    },
    "tau_cage": {
      "mean": 6.086113016832551,
      "se": 0.0333215003307261,
      "ci_lo": 6.0321169662767575,
      "ci_hi": 6.1452847870150675,
      "all": [
        6.180752710949738,
        6.122528901146868,
        6.052955844578185,
        6.092082901113064,
        5.982244726374901
      ]
    },
    "tau_cage_window_limited": {
      "mean": 0.0,
      "se": 0.0,
      "ci_lo": 0.0,
      "ci_hi": 0.0,
      "all": [
        0.0,
        0.0,
        0.0,
        0.0,
        0.0
      ]
    },
    "fr_n_tracks": {
      "mean": 0.0,
      "se": 0.0,
      "ci_lo": 0.0,
      "ci_hi": 0.0,
      "all": [
        0.0,
        0.0,
        0.0,
        0.0,
        0.0
      ]
    },
    "fr_mean_lifetime": {
      "mean": 0.0,
      "se": 0.0,
      "ci_lo": 0.0,
      "ci_hi": 0.0,
      "all": [
        0.0,
        0.0,
        0.0,
        0.0,
        0.0
      ]
    },
    "fr_median_lifetime": {
      "mean": 0.0,
      "se": 0.0,
      "ci_lo": 0.0,
      "ci_hi": 0.0,
      "all": [
        0.0,
        0.0,
        0.0,
        0.0,
        0.0
      ]
    },
    "fr_p90_lifetime": {
      "mean": 0.0,
      "se": 0.0,
      "ci_lo": 0.0,
      "ci_hi": 0.0,
      "all": [
        0.0,
        0.0,
        0.0,
        0.0,
        0.0
      ]
    },
    "fr_max_lifetime": {
      "mean": 0.0,
      "se": 0.0,
      "ci_lo": 0.0,
      "ci_hi": 0.0,
      "all": [
        0.0,
        0.0,
        0.0,
        0.0,
        0.0
      ]
    },
    "fr_tail_frac_ge_100": {
      "mean": 0.0,
      "se": 0.0,
      "ci_lo": 0.0,
      "ci_hi": 0.0,
      "all": [
        0.0,
        0.0,
        0.0,
        0.0,
        0.0
      ]
    },
    "fr_censored_frac": {
      "mean": 0.0,
      "se": 0.0,
      "ci_lo": 0.0,
      "ci_hi": 0.0,
      "all": [
        0.0,
        0.0,
        0.0,
        0.0,
        0.0
      ]
    },
    "fr_frames_with_clusters_frac": {
      "mean": 0.0,
      "se": 0.0,
      "ci_lo": 0.0,
      "ci_hi": 0.0,
      "all": [
        0.0,
        0.0,
        0.0,
        0.0,
        0.0
      ]
    }
  },
  "hysteresis": {
    "enabled": true,
    "D": [
      0.005,
      0.02,
      0.05,
      0.0738,
      0.1,
      0.15
    ],
    "phi_down": [
      0.4623918334643046,
      0.1930918941895167,
      0.12704830865065256,
      0.0865393728017807,
      0.06480063249667485,
      0.048504951099554695
    ],
    "phi_up": [
      0.5117978851000468,
      0.192145437002182,
      0.12396126985549927,
      0.08947994063297908,
      0.0660402278105418,
      0.0473981611430645
    ],
    "r1_down": [
      0.023024242992202442,
      0.036628098537524544,
      0.05026262874404589,
      0.057843575874964394,
      0.06298526128133138,
      0.06664219001928966
    ],
    "r1_up": [
      0.022544534876942635,
      0.036265081415573754,
      0.050521651903788246,
      0.05809605245788892,
      0.06262774517138799,
      0.06629061202208202
    ],
    "AH_phi": 0.0006232945437232648,
    "AH_r1": 4.745614739755812e-05
  }
}