{
  "noise": 0.02,
  "n_seeds": 5,
  "sim_cfg": {
    "N": 1024,
    "k": 3,
    "rho": 1.0,
    "v0": 0.05,
    "noise": 0.02,
    "dt": 1.0,
    "include_self_in_alignment": false,
    "dtype": "<class 'jax.numpy.float32'>",
    "L": 10.079368399158984
  },
  "exp_cfg": {
    "burnin_steps": 20000,
    "measure_steps": 50000,
    "max_lag": 8192,
    "dense_until": 128,
    "log_points": 48,
    "n_origins": 24,
    "lifetime_every": 8,
    "frustration_threshold": 0.5,
    "frustration_phi_threshold": 0.8,
    "cluster_overlap_threshold": 0.3,
    "nn_block": 1024,
    "eps": 1e-12
  },
  "scalars": {
    "phi_mean": {
      "mean": 0.19875452909618616,
      "se": 0.0030844032256814326,
      "ci_lo": 0.19351604444285236,
      "ci_hi": 0.2041830233608683,
      "all": [
        0.19773920656492314,
        0.1945583427635332,
        0.1903621650611361,
        0.20763823793580136,
        0.20347469315553704
      ]
    },
    "ell_nn2": {
      "mean": 0.11733226714034875,
      "se": 0.0007855132962652937,
      "ci_lo": 0.11586593606819709,
      "ci_hi": 0.11859058110664286,
      "all": [
        0.1148785709713896,
        0.11813183935980003,
        0.1175642649953564,
        0.11652417946606874,
        0.11956248090912898
      ]
    },
    "tau_rw": {
      "mean": 206.08331808104452,
      "se": 0.4337017292271088,
      "ci_lo": 205.34972129043126,
      "ci_hi": 206.83013222756762,
      "all": [
        206.78118013269926,
        205.088856357057,
        204.99185657986425,
        207.03360353683735,
        206.52109379876495
      ]
    },
    "tau_rw_1e": {
      "mean": 181.220457835433,
      "se": 0.7122302095054296,
      "ci_lo": 179.9149389105834,
      "ci_hi": 182.38185325112283,
      "all": [
        180.15746282048656,
        178.94484327097075,
        182.5837094842272,
        182.32557368567927,
        182.09069991580122
      ]
    },
    "tau_rw_window_limited": {
      "mean": 0.0,
      "se": 0.0,
      "ci_lo": 0.0,
      "ci_hi": 0.0,
      "all": [
        0.0,
        0.0,
        0.0,
        0.0,
        0.0
      ]
    },
    "tau_rel": {
      "mean": 62.40763083480532,
      "se": 0.8095342813284471,
      "ci_lo": 61.090639050470365,
      "ci_hi": 63.86968780434728,
      "all": [
        65.06684420578202,
        61.89542516906765,
        60.7775944963845,
        63.370311908005846,
        60.92797839478658
      ]
    },
    "tau_rel_1e": {
      "mean": 62.82653852249856,
      "se": 0.9149828427722514,
      "ci_lo": 61.203541996562976,
      "ci_hi": 64.44953504843416,
      "all": [
        65.1444146920688,
        60.67872287741654,
        61.06761824752231,
        62.5250277329372,
        64.71690906254796
      ]
    },
    "tau_rel_window_limited": {
      "mean": 0.0,
      "se": 0.0,
      "ci_lo": 0.0,
      "ci_hi": 0.0,
      "all": [
        0.0,
        0.0,
        0.0,
        0.0,
        0.0
      ]
    },
    "tau_cage": {
      "mean": 7.4584834713218155,
      "se": 0.029179963229097904,
      "ci_lo": 7.405434788650408,
      "ci_hi": 7.510428993128248,
      "all": [
        7.368699338926513,
        7.472348122421827,
        7.460537963236249,
        7.440444396834241,
        7.550387535190249
      ]
    },
    "tau_cage_window_limited": {
      "mean": 0.0,
      "se": 0.0,
      "ci_lo": 0.0,
      "ci_hi": 0.0,
      "all": [
        0.0,
        0.0,
        0.0,
        0.0,
        0.0
      ]
    },
    "fr_n_tracks": {
      "mean": 0.0,
      "se": 0.0,
      "ci_lo": 0.0,
      "ci_hi": 0.0,
      "all": [
        0.0,
        0.0,
        0.0,
        0.0,
        0.0
      ]
    },
    "fr_mean_lifetime": {
      "mean": 0.0,
      "se": 0.0,
      "ci_lo": 0.0,
      "ci_hi": 0.0,
      "all": [
        0.0,
        0.0,
        0.0,
        0.0,
        0.0
      ]
    },
    "fr_median_lifetime": {
      "mean": 0.0,
      "se": 0.0,
      "ci_lo": 0.0,
      "ci_hi": 0.0,
      "all": [
        0.0,
        0.0,
        0.0,
        0.0,
        0.0
      ]
    },
    "fr_p90_lifetime": {
      "mean": 0.0,
      "se": 0.0,
      "ci_lo": 0.0,
      "ci_hi": 0.0,
      "all": [
        0.0,
        0.0,
        0.0,
        0.0,
        0.0
      ]
    },
    "fr_max_lifetime": {
      "mean": 0.0,
      "se": 0.0,
      "ci_lo": 0.0,
      "ci_hi": 0.0,
      "all": [
        0.0,
        0.0,
        0.0,
        0.0,
        0.0
      ]
    },
    "fr_tail_frac_ge_100": {
      "mean": 0.0,
      "se": 0.0,
      "ci_lo": 0.0,
      "ci_hi": 0.0,
      "all": [
        0.0,
        0.0,
        0.0,
        0.0,
        0.0
      ]
    },
    "fr_censored_frac": {
      "mean": 0.0,
      "se": 0.0,
      "ci_lo": 0.0,
      "ci_hi": 0.0,
      "all": [
        0.0,
        0.0,
        0.0,
        0.0,
        0.0
      ]
    },
    "fr_frames_with_clusters_frac": {
      "mean": 0.0,
      "se": 0.0,
      "ci_lo": 0.0,
      "ci_hi": 0.0,
      "all": [
        0.0,
        0.0,
        0.0,
        0.0,
        0.0
      ]
    }
  },
  "hysteresis": {
    "enabled": true,
    "D": [
      0.005,
      0.02,
      0.05,
      0.0738,
      0.1,
      0.15
    ],
    "phi_down": [
      0.4623918334643046,
      0.1930918941895167,
      0.12704830865065256,
      0.0865393728017807,
      0.06480063249667485,
      0.048504951099554695
    ],
    "phi_up": [
      0.5117978851000468,
      0.192145437002182,
      0.12396126985549927,
      0.08947994063297908,
      0.0660402278105418,
      0.0473981611430645
    ],
    "r1_down": [
      0.023024242992202442,
      0.036628098537524544,
      0.05026262874404589,
      0.057843575874964394,
      0.06298526128133138,
      0.06664219001928966
    ],
    "r1_up": [
      0.022544534876942635,
      0.036265081415573754,
      0.050521651903788246,
      0.05809605245788892,
      0.06262774517138799,
      0.06629061202208202
    ],
    "AH_phi": 0.0006232945437232648,
    "AH_r1": 4.745614739755812e-05
  }
}