{
  "noise": 0.05,
  "n_seeds": 5,
  "sim_cfg": {
    "N": 1024,
    "k": 3,
    "rho": 1.0,
    "v0": 0.05,
    "noise": 0.05,
    "dt": 1.0,
    "include_self_in_alignment": false,
    "dtype": "<class 'jax.numpy.float32'>",
    "L": 10.079368399158984
  },
  "exp_cfg": {
    "burnin_steps": 20000,
    "measure_steps": 50000,
    "max_lag": 8192,
    "dense_until": 128,
    "log_points": 48,
    "n_origins": 24,
    "lifetime_every": 8,
    "frustration_threshold": 0.5,
    "frustration_phi_threshold": 0.8,
    "cluster_overlap_threshold": 0.3,
    "nn_block": 1024,
    "eps": 1e-12
  },
  "scalars": {
    "phi_mean": {
      "mean": 0.12045866549015045,
      "se": 0.0032680372021349296,
      "ci_lo": 0.11495681554079056,
      "ci_hi": 0.12574641616083682,
      "all": [
        0.11382125876843929,
        0.11278416581141452,
        0.12157322854424517,
        0.12371660047210753,
        0.13039807385454574
      ]
    },
    "ell_nn2": {
      "mean": 0.18489470183849335,
      "se": 0.0007313178369842438,
      "ci_lo": 0.183670707543691,
      "ci_hi": 0.18622520317633945,
      "all": [
        0.1860802291582028,
        0.1871571404238542,
        0.1835430326561133,
        0.18411874150236449,
        0.18357436545193195
      ]
    },
    "tau_rw": {
      "mean": 152.13691416392845,
      "se": 0.3360067879665567,
      "ci_lo": 151.5878821699273,
      "ci_hi": 152.72880659312094,
      "all": [
        151.86629043354264,
        152.00581900161467,
        153.03347534021577,
        152.6773165114147,
        151.10166953285437
      ]
    },
    "tau_rw_1e": {
      "mean": 134.3017556510801,
      "se": 0.36928596214992626,
      "ci_lo": 133.6645518849091,
      "ci_hi": 134.93069395508266,
      "all": [
        133.79796381079518,
        134.3339717500642,
        135.28623444452447,
        134.87351456815009,
        133.21709368186674
      ]
    },
    "tau_rw_window_limited": {
      "mean": 0.0,
      "se": 0.0,
      "ci_lo": 0.0,
      "ci_hi": 0.0,
      "all": [
        0.0,
        0.0,
        0.0,
        0.0,
        0.0
      ]
    },
    "tau_rel": {
      "mean": 19.269947761381857,
      "se": 0.12840324024237423,
      "ci_lo": 19.074787134401127,
      "ci_hi": 19.52556075966728,
      "all": [
        19.32102430717968,
        19.015673845551234,
        19.209009785366554,
        19.067436126277382,
        19.736594742534432
      ]
    },
    "tau_rel_1e": {
      "mean": 17.554551842048014,
      "se": 0.16688735070658842,
      "ci_lo": 17.37092088802392,
      "ci_hi": 17.889188147400922,
      "all": [
        17.37092170033023,
        17.413086166110375,
        17.356881025711424,
        18.22064429018801,
        17.411226027900025
      ]
    },
    "tau_rel_window_limited": {
      "mean": 0.0,
      "se": 0.0,
      "ci_lo": 0.0,
      "ci_hi": 0.0,
      "all": [
        0.0,
        0.0,
        0.0,
        0.0,
        0.0
      ]
    },
    "tau_cage": {
      "mean": 10.88893546986494,
      "se": 0.023247553065356988,
      "ci_lo": 10.849937449200302,
      "ci_hi": 10.930492374440881,
      "all": [
        10.935502663361653,
        10.95424753814215,
        10.840543503764312,
        10.854216594416306,
        10.860167049640284
      ]
    },
    "tau_cage_window_limited": {
      "mean": 0.0,
      "se": 0.0,
      "ci_lo": 0.0,
      "ci_hi": 0.0,
      "all": [
        0.0,
        0.0,
        0.0,
        0.0,
        0.0
      ]
    },
    "fr_n_tracks": {
      "mean": 0.0,
      "se": 0.0,
      "ci_lo": 0.0,
      "ci_hi": 0.0,
      "all": [
        0.0,
        0.0,
        0.0,
        0.0,
        0.0
      ]
    },
    "fr_mean_lifetime": {
      "mean": 0.0,
      "se": 0.0,
      "ci_lo": 0.0,
      "ci_hi": 0.0,
      "all": [
        0.0,
        0.0,
        0.0,
        0.0,
        0.0
      ]
    },
    "fr_median_lifetime": {
      "mean": 0.0,
      "se": 0.0,
      "ci_lo": 0.0,
      "ci_hi": 0.0,
      "all": [
        0.0,
        0.0,
        0.0,
        0.0,
        0.0
      ]
    },
    "fr_p90_lifetime": {
      "mean": 0.0,
      "se": 0.0,
      "ci_lo": 0.0,
      "ci_hi": 0.0,
      "all": [
        0.0,
        0.0,
        0.0,
        0.0,
        0.0
      ]
    },
    "fr_max_lifetime": {
      "mean": 0.0,
      "se": 0.0,
      "ci_lo": 0.0,
      "ci_hi": 0.0,
      "all": [
        0.0,
        0.0,
        0.0,
        0.0,
        0.0
      ]
    },
    "fr_tail_frac_ge_100": {
      "mean": 0.0,
      "se": 0.0,
      "ci_lo": 0.0,
      "ci_hi": 0.0,
      "all": [
        0.0,
        0.0,
        0.0,
        0.0,
        0.0
      ]
    },
    "fr_censored_frac": {
      "mean": 0.0,
      "se": 0.0,
      "ci_lo": 0.0,
      "ci_hi": 0.0,
      "all": [
        0.0,
        0.0,
        0.0,
        0.0,
        0.0
      ]
    },
    "fr_frames_with_clusters_frac": {
      "mean": 0.0,
      "se": 0.0,
      "ci_lo": 0.0,
      "ci_hi": 0.0,
      "all": [
        0.0,
        0.0,
        0.0,
        0.0,
        0.0
      ]
    }
  },
  "hysteresis": {
    "enabled": true,
    "D": [
      0.005,
      0.02,
      0.05,
      0.0738,
      0.1,
      0.15
    ],
    "phi_down": [
      0.4623918334643046,
      0.1930918941895167,
      0.12704830865065256,
      0.0865393728017807,
      0.06480063249667485,
      0.048504951099554695
    ],
    "phi_up": [
      0.5117978851000468,
      0.192145437002182,
      0.12396126985549927,
      0.08947994063297908,
      0.0660402278105418,
      0.0473981611430645
    ],
    "r1_down": [
      0.023024242992202442,
      0.036628098537524544,
      0.05026262874404589,
      0.057843575874964394,
      0.06298526128133138,
      0.06664219001928966
    ],
    "r1_up": [
      0.022544534876942635,
      0.036265081415573754,
      0.050521651903788246,
      0.05809605245788892,
      0.06262774517138799,
      0.06629061202208202
    ],
    "AH_phi": 0.0006232945437232648,
    "AH_r1": 4.745614739755812e-05
  }
}