{
  "noise": 0.0738,
  "n_seeds": 5,
  "sim_cfg": {
    "N": 1024,
    "k": 3,
    "rho": 1.0,
    "v0": 0.05,
    "noise": 0.0738,
    "dt": 1.0,
    "include_self_in_alignment": false,
    "dtype": "<class 'jax.numpy.float32'>",
    "L": 10.079368399158984
  },
  "exp_cfg": {
    "burnin_steps": 20000,
    "measure_steps": 50000,
    "max_lag": 8192,
    "dense_until": 128,
    "log_points": 48,
    "n_origins": 24,
    "lifetime_every": 8,
    "frustration_threshold": 0.5,
    "frustration_phi_threshold": 0.8,
    "cluster_overlap_threshold": 0.3,
    "nn_block": 1024,
    "eps": 1e-12
  },
  "scalars": {
    "phi_mean": {
      "mean": 0.0897781782473127,
      "se": 0.003117079720823542,
      "ci_lo": 0.08359124312953402,
      "ci_hi": 0.09466800310804198,
      "all": [
        0.09076506054649751,
        0.07839458342641592,
        0.09742555627599359,
        0.09028631759186585,
        0.09201937339579065
      ]
    },
    "ell_nn2": {
      "mean": 0.23862727507948875,
      "se": 0.0010280006735715085,
      "ci_lo": 0.23687526186307273,
      "ci_hi": 0.24039608848591648,
      "all": [
        0.23869851231575012,
        0.23819987724224725,
        0.2392555953313907,
        0.23528837288419405,
        0.24169401762386164
      ]
    },
    "tau_rw": {
      "mean": 154.82049472525236,
      "se": 0.38674999998201204,
      "ci_lo": 154.16619344253962,
      "ci_hi": 155.4219030962919,
      "all": [
        154.73002622182798,
        153.48110574738052,
        155.19817717376128,
        155.8431623881698,
        154.8500020951222
      ]
    },
    "tau_rw_1e": {
      "mean": 131.2078436432162,
      "se": 0.8805803253740954,
      "ci_lo": 129.58066801113654,
      "ci_hi": 132.71672082455478,
      "all": [
        131.63915198983506,
        128.7549855970329,
        129.99923127474875,
        133.9692617467805,
        131.67658760768367
      ]
    },
    "tau_rw_window_limited": {
      "mean": 0.0,
      "se": 0.0,
      "ci_lo": 0.0,
      "ci_hi": 0.0,
      "all": [
        0.0,
        0.0,
        0.0,
        0.0,
        0.0
      ]
    },
    "tau_rel": {
      "mean": 7.140971062016794,
      "se": 0.05943217333838882,
      "ci_lo": 7.039830216076905,
      "ci_hi": 7.249493884375542,
      "all": [
        7.139059465186384,
        7.322800762747199,
        7.212949274551319,
        7.0333427030346645,
        6.996703104564406
      ]
    },
    "tau_rel_1e": {
      "mean": 4.435378025594576,
      "se": 0.030964708616951397,
      "ci_lo": 4.3822777896414395,
      "ci_hi": 4.488478261547714,
      "all": [
        4.476960858416619,
        4.445808036986995,
        4.381112874060779,
        4.521330776959169,
        4.351677581549322
      ]
    },
    "tau_rel_window_limited": {
      "mean": 0.0,
      "se": 0.0,
      "ci_lo": 0.0,
      "ci_hi": 0.0,
      "all": [
        0.0,
        0.0,
        0.0,
        0.0,
        0.0
      ]
    },
    "tau_cage": {
      "mean": 15.84471608316386,
      "se": 0.029748659067191686,
      "ci_lo": 15.793260144790446,
      "ci_hi": 15.89617304408899,
      "all": [
        15.791777688345398,
        15.823164323705319,
        15.898628373144177,
        15.779790511778053,
        15.930219518846355
      ]
    },
    "tau_cage_window_limited": {
      "mean": 0.0,
      "se": 0.0,
      "ci_lo": 0.0,
      "ci_hi": 0.0,
      "all": [
        0.0,
        0.0,
        0.0,
        0.0,
        0.0
      ]
    },
    "fr_n_tracks": {
      "mean": 0.0,
      "se": 0.0,
      "ci_lo": 0.0,
      "ci_hi": 0.0,
      "all": [
        0.0,
        0.0,
        0.0,
        0.0,
        0.0
      ]
    },
    "fr_mean_lifetime": {
      "mean": 0.0,
      "se": 0.0,
      "ci_lo": 0.0,
      "ci_hi": 0.0,
      "all": [
        0.0,
        0.0,
        0.0,
        0.0,
        0.0
      ]
    },
    "fr_median_lifetime": {
      "mean": 0.0,
      "se": 0.0,
      "ci_lo": 0.0,
      "ci_hi": 0.0,
      "all": [
        0.0,
        0.0,
        0.0,
        0.0,
        0.0
      ]
    },
    "fr_p90_lifetime": {
      "mean": 0.0,
      "se": 0.0,
      "ci_lo": 0.0,
      "ci_hi": 0.0,
      "all": [
        0.0,
        0.0,
        0.0,
        0.0,
        0.0
      ]
    },
    "fr_max_lifetime": {
      "mean": 0.0,
      "se": 0.0,
      "ci_lo": 0.0,
      "ci_hi": 0.0,
      "all": [
        0.0,
        0.0,
        0.0,
        0.0,
        0.0
      ]
    },
    "fr_tail_frac_ge_100": {
      "mean": 0.0,
      "se": 0.0,
      "ci_lo": 0.0,
      "ci_hi": 0.0,
      "all": [
        0.0,
        0.0,
        0.0,
        0.0,
        0.0
      ]
    },
    "fr_censored_frac": {
      "mean": 0.0,
      "se": 0.0,
      "ci_lo": 0.0,
      "ci_hi": 0.0,
      "all": [
        0.0,
        0.0,
        0.0,
        0.0,
        0.0
      ]
    },
    "fr_frames_with_clusters_frac": {
      "mean": 0.0,
      "se": 0.0,
      "ci_lo": 0.0,
      "ci_hi": 0.0,
      "all": [
        0.0,
        0.0,
        0.0,
        0.0,
        0.0
      ]
    }
  },
  "hysteresis": {
    "enabled": true,
    "D": [
      0.005,
      0.02,
      0.05,
      0.0738,
      0.1,
      0.15
    ],
    "phi_down": [
      0.4623918334643046,
      0.1930918941895167,
      0.12704830865065256,
      0.0865393728017807,
      0.06480063249667485,
      0.048504951099554695
    ],
    "phi_up": [
      0.5117978851000468,
      0.192145437002182,
      0.12396126985549927,
      0.08947994063297908,
      0.0660402278105418,
      0.0473981611430645
    ],
    "r1_down": [
      0.023024242992202442,
      0.036628098537524544,
      0.05026262874404589,
      0.057843575874964394,
      0.06298526128133138,
      0.06664219001928966
    ],
    "r1_up": [
      0.022544534876942635,
      0.036265081415573754,
      0.050521651903788246,
      0.05809605245788892,
      0.06262774517138799,
      0.06629061202208202
    ],
    "AH_phi": 0.0006232945437232648,
    "AH_r1": 4.745614739755812e-05
  }
}