{
  "noise": 0.1,
  "n_seeds": 5,
  "sim_cfg": {
    "N": 1024,
    "k": 3,
    "rho": 1.0,
    "v0": 0.05,
    "noise": 0.1,
    "dt": 1.0,
    "include_self_in_alignment": false,
    "dtype": "<class 'jax.numpy.float32'>",
    "L": 10.079368399158984
  },
  "exp_cfg": {
    "burnin_steps": 20000,
    "measure_steps": 50000,
    "max_lag": 8192,
    "dense_until": 128,
    "log_points": 48,
    "n_origins": 24,
    "lifetime_every": 8,
    "frustration_threshold": 0.5,
    "frustration_phi_threshold": 0.8,
    "cluster_overlap_threshold": 0.3,
    "nn_block": 1024,
    "eps": 1e-12
  },
  "scalars": {
    "phi_mean": {
      "mean": 0.06359159549853455,
      "se": 0.00256384103791534,
      "ci_lo": 0.05875265398838868,
      "ci_hi": 0.0673381785862148,
      "all": [
        0.06662805300826828,
        0.06877366395201534,
        0.05416040223402282,
        0.06588745901050667,
        0.0625083992878596
      ]
    },
    "ell_nn2": {
      "mean": 0.28025016287962595,
      "se": 0.00044980422321126777,
      "ci_lo": 0.2794744205971559,
      "ci_hi": 0.2809197254478931,
      "all": [
        0.2801695813735326,
        0.2802794687449932,
        0.28088361273209256,
        0.2786421850323677,
        0.2812759665151437
      ]
    },
    "tau_rw": {
      "mean": 186.4193285900374,
      "se": 0.4928058603123567,
      "ci_lo": 185.59476473705206,
      "ci_hi": 187.3081357908788,
      "all": [
        187.24193245495618,
        186.11888761951593,
        185.882544825679,
        187.80540055791957,
        185.04787749211619
      ]
    },
    "tau_rw_1e": {
      "mean": 147.84721900971994,
      "se": 0.543709234131117,
      "ci_lo": 146.9144843226631,
      "ci_hi": 148.7826998850387,
      "all": [
        148.5787105464713,
        147.76092889520365,
        146.86059738873604,
        149.49070924786878,
        146.54514897031984
      ]
    },
    "tau_rw_window_limited": {
      "mean": 0.0,
      "se": 0.0,
      "ci_lo": 0.0,
      "ci_hi": 0.0,
      "all": [
        0.0,
        0.0,
        0.0,
        0.0,
        0.0
      ]
    },
    "tau_rel": {
      "mean": 3.0197772746798726,
      "se": 0.05883704923562687,
      "ci_lo": 2.9176950851446857,
      "ci_hi": 3.135229029684391,
      "all": [
        2.9143018289382447,
        3.190460829870928,
        2.8763752856480687,
        3.11062723239132,
        3.0071211965508025
      ]
    },
    "tau_rel_1e": {
      "mean": 0.82953586613077,
      "se": 0.002741034787748387,
      "ci_lo": 0.8242242314691847,
      "ci_hi": 0.8339741427102144,
      "all": [
        0.82047035560978,
        0.832456123129211,
        0.8260455567039288,
        0.8350427613982759,
        0.8336645338126544
      ]
    },
    "tau_rel_window_limited": {
      "mean": 0.0,
      "se": 0.0,
      "ci_lo": 0.0,
      "ci_hi": 0.0,
      "all": [
        0.0,
        0.0,
        0.0,
        0.0,
        0.0
      ]
    },
    "tau_cage": {
      "mean": 25.15801089803938,
      "se": 0.14846248266988263,
      "ci_lo": 24.87562084706385,
      "ci_hi": 25.419306155433272,
      "all": [
        25.278348438174515,
        25.07593107902002,
        25.58075041999061,
        24.66805512929575,
        25.186969423715986
      ]
    },
    "tau_cage_window_limited": {
      "mean": 0.0,
      "se": 0.0,
      "ci_lo": 0.0,
      "ci_hi": 0.0,
      "all": [
        0.0,
        0.0,
        0.0,
        0.0,
        0.0
      ]
    },
    "fr_n_tracks": {
      "mean": 0.0,
      "se": 0.0,
      "ci_lo": 0.0,
      "ci_hi": 0.0,
      "all": [
        0.0,
        0.0,
        0.0,
        0.0,
        0.0
      ]
    },
    "fr_mean_lifetime": {
      "mean": 0.0,
      "se": 0.0,
      "ci_lo": 0.0,
      "ci_hi": 0.0,
      "all": [
        0.0,
        0.0,
        0.0,
        0.0,
        0.0
      ]
    },
    "fr_median_lifetime": {
      "mean": 0.0,
      "se": 0.0,
      "ci_lo": 0.0,
      "ci_hi": 0.0,
      "all": [
        0.0,
        0.0,
        0.0,
        0.0,
        0.0
      ]
    },
    "fr_p90_lifetime": {
      "mean": 0.0,
      "se": 0.0,
      "ci_lo": 0.0,
      "ci_hi": 0.0,
      "all": [
        0.0,
        0.0,
        0.0,
        0.0,
        0.0
      ]
    },
    "fr_max_lifetime": {
      "mean": 0.0,
      "se": 0.0,
      "ci_lo": 0.0,
      "ci_hi": 0.0,
      "all": [
        0.0,
        0.0,
        0.0,
        0.0,
        0.0
      ]
    },
    "fr_tail_frac_ge_100": {
      "mean": 0.0,
      "se": 0.0,
      "ci_lo": 0.0,
      "ci_hi": 0.0,
      "all": [
        0.0,
        0.0,
        0.0,
        0.0,
        0.0
      ]
    },
    "fr_censored_frac": {
      "mean": 0.0,
      "se": 0.0,
      "ci_lo": 0.0,
      "ci_hi": 0.0,
      "all": [
        0.0,
        0.0,
        0.0,
        0.0,
        0.0
      ]
    },
    "fr_frames_with_clusters_frac": {
      "mean": 0.0,
      "se": 0.0,
      "ci_lo": 0.0,
      "ci_hi": 0.0,
      "all": [
        0.0,
        0.0,
        0.0,
        0.0,
        0.0
      ]
    }
  },
  "hysteresis": {
    "enabled": true,
    "D": [
      0.005,
      0.02,
      0.05,
      0.0738,
      0.1,
      0.15
    ],
    "phi_down": [
      0.4623918334643046,
      0.1930918941895167,
      0.12704830865065256,
      0.0865393728017807,
      0.06480063249667485,
      0.048504951099554695
    ],
    "phi_up": [
      0.5117978851000468,
      0.192145437002182,
      0.12396126985549927,
      0.08947994063297908,
      0.0660402278105418,
      0.0473981611430645
    ],
    "r1_down": [
      0.023024242992202442,
      0.036628098537524544,
      0.05026262874404589,
      0.057843575874964394,
      0.06298526128133138,
      0.06664219001928966
    ],
    "r1_up": [
      0.022544534876942635,
      0.036265081415573754,
      0.050521651903788246,
      0.05809605245788892,
      0.06262774517138799,
      0.06629061202208202
    ],
    "AH_phi": 0.0006232945437232648,
    "AH_r1": 4.745614739755812e-05
  }
}