{
  "noise": 0.0738,
  "n_seeds": 5,
  "sim_cfg": {
    "N": 1024,
    "k": 9,
    "rho": 1.0,
    "v0": 0.05,
    "noise": 0.0738,
    "dt": 1.0,
    "include_self_in_alignment": false,
    "dtype": "<class 'jax.numpy.float32'>",
    "L": 10.079368399158984
  },
  "exp_cfg": {
    "burnin_steps": 20000,
    "measure_steps": 50000,
    "max_lag": 8192,
    "dense_until": 128,
    "log_points": 48,
    "n_origins": 24,
    "lifetime_every": 8,
    "frustration_threshold": 0.5,
    "frustration_phi_threshold": 0.8,
    "cluster_overlap_threshold": 0.3,
    "nn_block": 1024,
    "eps": 1e-12
  },
  "scalars": {
    "phi_mean": {
      "mean": 0.6043532850841682,
      "se": 0.001869421280670097,
      "ci_lo": 0.6018223742643992,
      "ci_hi": 0.6079474178453287,
      "all": [
        0.6018458766241869,
        0.6042305491864681,
        0.6031799428164959,
        0.6114982416232427,
        0.601011815170447
      ]
    },
    "ell_nn2": {
      "mean": 0.29677419910828273,
      "se": 0.001001849076919019,
      "ci_lo": 0.29477210516730945,
      "ci_hi": 0.2983579037090142,
      "all": [
        0.29699597383538884,
        0.2984394195179145,
        0.29328952605525654,
        0.29618872329592705,
        0.29895735283692676
      ]
    },
    "tau_rw": {
      "mean": 374.80864352527215,
      "se": 3.0148824142273902,
      "ci_lo": 369.3495917997222,
      "ci_hi": 379.57275984291994,
      "all": [
        365.4513500255772,
        383.64170602059335,
        372.3824284945091,
        378.0114804273704,
        374.5562526583107
      ]
    },
    "tau_rw_1e": {
      "mean": 318.9283655592481,
      "se": 3.4609324873257874,
      "ci_lo": 313.20954854175596,
      "ci_hi": 324.72104240277395,
      "all": [
        310.4538308247371,
        329.9500030050408,
        314.203459266853,
        323.3013721740102,
        316.73316252559954
      ]
    },
    "tau_rw_window_limited": {
      "mean": 0.0,
      "se": 0.0,
      "ci_lo": 0.0,
      "ci_hi": 0.0,
      "all": [
        0.0,
        0.0,
        0.0,
        0.0,
        0.0
      ]
    },
    "tau_rel": {
      "mean": 8.81637193998194,
      "se": 0.47486824445731046,
      "ci_lo": 8.050915944816953,
      "ci_hi": 9.694375204341972,
      "all": [
        10.381344075596086,
        9.053510127058967,
        8.274333667862631,
        8.863435764091284,
        7.509236065300735
      ]
    },
    "tau_rel_1e": {
      "mean": 0.8587487078177342,
      "se": 0.001050502367405568,
      "ci_lo": 0.8568426964958159,
      "ci_hi": 0.8606061148042361,
      "all": [
        0.8576959590673467,
        0.86012177352105,
        0.8555662747203153,
        0.8586219179690306,
        0.8617376138109277
      ]
    },
    "tau_rel_window_limited": {
      "mean": 0.0,
      "se": 0.0,
      "ci_lo": 0.0,
      "ci_hi": 0.0,
      "all": [
        0.0,
        0.0,
        0.0,
        0.0,
        0.0
      ]
    },
    "tau_cage": {
      "mean": 28.726203049691474,
      "se": 0.3361028293410066,
      "ci_lo": 28.159061815419214,
      "ci_hi": 29.33673969601773,
      "all": [
        27.880053231418387,
        29.69375281797987,
        28.454769172910048,
        28.290216720674632,
        29.312223305474422
      ]
    },
    "tau_cage_window_limited": {
      "mean": 0.0,
      "se": 0.0,
      "ci_lo": 0.0,
      "ci_hi": 0.0,
      "all": [
        0.0,
        0.0,
        0.0,
        0.0,
        0.0
      ]
    },
    "fr_n_tracks": {
      "mean": 0.0,
      "se": 0.0,
      "ci_lo": 0.0,
      "ci_hi": 0.0,
      "all": [
        0.0,
        0.0,
        0.0,
        0.0,
        0.0
      ]
    },
    "fr_mean_lifetime": {
      "mean": 0.0,
      "se": 0.0,
      "ci_lo": 0.0,
      "ci_hi": 0.0,
      "all": [
        0.0,
        0.0,
        0.0,
        0.0,
        0.0
      ]
    },
    "fr_median_lifetime": {
      "mean": 0.0,
      "se": 0.0,
      "ci_lo": 0.0,
      "ci_hi": 0.0,
      "all": [
        0.0,
        0.0,
        0.0,
        0.0,
        0.0
      ]
    },
    "fr_p90_lifetime": {
      "mean": 0.0,
      "se": 0.0,
      "ci_lo": 0.0,
      "ci_hi": 0.0,
      "all": [
        0.0,
        0.0,
        0.0,
        0.0,
        0.0
      ]
    },
    "fr_max_lifetime": {
      "mean": 0.0,
      "se": 0.0,
      "ci_lo": 0.0,
      "ci_hi": 0.0,
      "all": [
        0.0,
        0.0,
        0.0,
        0.0,
        0.0
      ]
    },
    "fr_tail_frac_ge_100": {
      "mean": 0.0,
      "se": 0.0,
      "ci_lo": 0.0,
      "ci_hi": 0.0,
      "all": [
        0.0,
        0.0,
        0.0,
        0.0,
        0.0
      ]
    },
    "fr_censored_frac": {
      "mean": 0.0,
      "se": 0.0,
      "ci_lo": 0.0,
      "ci_hi": 0.0,
      "all": [
        0.0,
        0.0,
        0.0,
        0.0,
        0.0
      ]
    },
    "fr_frames_with_clusters_frac": {
      "mean": 0.0,
      "se": 0.0,
      "ci_lo": 0.0,
      "ci_hi": 0.0,
      "all": [
        0.0,
        0.0,
        0.0,
        0.0,
        0.0
      ]
    }
  },
  "hysteresis": {
    "enabled": true,
    "D": [
      0.005,
      0.02,
      0.05,
      0.0738,
      0.1,
      0.15
    ],
    "phi_down": [
      0.9779258171717325,
      0.9067778388659159,
      0.7700756192207336,
      0.6019162138303121,
      0.23154368996620178,
      0.06572004904349645
    ],
    "phi_up": [
      0.9822828968365988,
      0.9208699862162272,
      0.7682309746742249,
      0.6124518712361654,
      0.23525172968705496,
      0.06443865597248077
    ],
    "r1_down": [
      0.008903509316345056,
      0.01766607165336609,
      0.02742355192701022,
      0.03470878675580025,
      0.042686389138301216,
      0.046081344286600746
    ],
    "r1_up": [
      0.008291964419186115,
      0.016873156651854515,
      0.02756427600979805,
      0.03451447437206904,
      0.04263207564751307,
      0.046152349561452866
    ],
    "AH_phi": 0.0008360749264558165,
    "AH_r1": 3.491493755330669e-05
  }
}