{
  "noise": 0.15,
  "n_seeds": 5,
  "sim_cfg": {
    "N": 1024,
    "k": 9,
    "rho": 1.0,
    "v0": 0.05,
    "noise": 0.15,
    "dt": 1.0,
    "include_self_in_alignment": false,
    "dtype": "<class 'jax.numpy.float32'>",
    "L": 10.079368399158984
  },
  "exp_cfg": {
    "burnin_steps": 20000,
    "measure_steps": 50000,
    "max_lag": 8192,
    "dense_until": 128,
    "log_points": 48,
    "n_origins": 24,
    "lifetime_every": 8,
    "frustration_threshold": 0.5,
    "frustration_phi_threshold": 0.8,
    "cluster_overlap_threshold": 0.3,
    "nn_block": 1024,
    "eps": 1e-12
  },
  "scalars": {
    "phi_mean": {
      "mean": 0.0632263376765574,
      "se": 0.0015359510832125384,
      "ci_lo": 0.06036868536670226,
      "ci_hi": 0.06554001830518245,
      "all": [
        0.06637832801789045,
        0.0654009710997343,
        0.057635485815505184,
        0.06414149329066277,
        0.0625754101589943
      ]
    },
    "ell_nn2": {
      "mean": 0.3345412982006868,
      "se": 0.0008661408703757614,
      "ci_lo": 0.3330706591407458,
      "ci_hi": 0.33604006444414464,
      "all": [
        0.3325199633836746,
        0.3362322921554248,
        0.3361608299116294,
        0.3354140780866146,
        0.3323793274660905
      ]
    },
    "tau_rw": {
      "mean": 459.09113952993323,
      "se": 1.0822722763178285,
      "ci_lo": 457.402567203991,
      "ci_hi": 460.8623765739152,
      "all": [
        459.62081068418854,
        462.7165442921421,
        457.5765277427471,
        456.3179656038728,
        459.22384932671525
      ]
    },
    "tau_rw_1e": {
      "mean": 320.57527910467354,
      "se": 1.2597681047097302,
      "ci_lo": 318.21873007144177,
      "ci_hi": 322.9326868873767,
      "all": [
        320.7868197117012,
        324.4649490407755,
        320.481767602856,
        320.6361888567662,
        316.50667031126886
      ]
    },
    "tau_rw_window_limited": {
      "mean": 0.0,
      "se": 0.0,
      "ci_lo": 0.0,
      "ci_hi": 0.0,
      "all": [
        0.0,
        0.0,
        0.0,
        0.0,
        0.0
      ]
    },
    "tau_rel": {
      "mean": 1.0250791116430336,
      "se": 0.02093371309773668,
      "ci_lo": 0.9927773696360683,
      "ci_hi": 1.0668009937571934,
      "all": [
        0.9861171165194293,
        1.0996527464362345,
        1.0415099047976422,
        0.993536824679621,
        1.0045789657822406
      ]
    },
    "tau_rel_1e": {
      "mean": 0.6804117701124075,
      "se": 0.0006686815708863687,
      "ci_lo": 0.6793395237344556,
      "ci_hi": 0.6814368579909056,
      "all": [
        0.6781527400615044,
        0.6797201685200764,
        0.6811875940063861,
        0.6810551164210132,
        0.6819432315530577
      ]
    },
    "tau_rel_window_limited": {
      "mean": 0.0,
      "se": 0.0,
      "ci_lo": 0.0,
      "ci_hi": 0.0,
      "all": [
        0.0,
        0.0,
        0.0,
        0.0,
        0.0
      ]
    },
    "tau_cage": {
      "mean": 67.44939676409967,
      "se": 0.6638610496293532,
      "ci_lo": 66.29206369199282,
      "ci_hi": 68.58780138100008,
      "all": [
        66.47534509605705,
        67.82608473028677,
        67.60705576994992,
        69.61886867966447,
        65.7196295445401
      ]
    },
    "tau_cage_window_limited": {
      "mean": 0.0,
      "se": 0.0,
      "ci_lo": 0.0,
      "ci_hi": 0.0,
      "all": [
        0.0,
        0.0,
        0.0,
        0.0,
        0.0
      ]
    },
    "fr_n_tracks": {
      "mean": 0.0,
      "se": 0.0,
      "ci_lo": 0.0,
      "ci_hi": 0.0,
      "all": [
        0.0,
        0.0,
        0.0,
        0.0,
        0.0
      ]
    },
    "fr_mean_lifetime": {
      "mean": 0.0,
      "se": 0.0,
      "ci_lo": 0.0,
      "ci_hi": 0.0,
      "all": [
        0.0,
        0.0,
        0.0,
        0.0,
        0.0
      ]
    },
    "fr_median_lifetime": {
      "mean": 0.0,
      "se": 0.0,
      "ci_lo": 0.0,
      "ci_hi": 0.0,
      "all": [
        0.0,
        0.0,
        0.0,
        0.0,
        0.0
      ]
    },
    "fr_p90_lifetime": {
      "mean": 0.0,
      "se": 0.0,
      "ci_lo": 0.0,
      "ci_hi": 0.0,
      "all": [
        0.0,
        0.0,
        0.0,
        0.0,
        0.0
      ]
    },
    "fr_max_lifetime": {
      "mean": 0.0,
      "se": 0.0,
      "ci_lo": 0.0,
      "ci_hi": 0.0,
      "all": [
        0.0,
        0.0,
        0.0,
        0.0,
        0.0
      ]
    },
    "fr_tail_frac_ge_100": {
      "mean": 0.0,
      "se": 0.0,
      "ci_lo": 0.0,
      "ci_hi": 0.0,
      "all": [
        0.0,
        0.0,
        0.0,
        0.0,
        0.0
      ]
    },
    "fr_censored_frac": {
      "mean": 0.0,
      "se": 0.0,
      "ci_lo": 0.0,
      "ci_hi": 0.0,
      "all": [
        0.0,
        0.0,
        0.0,
        0.0,
        0.0
      ]
    },
    "fr_frames_with_clusters_frac": {
      "mean": 0.0,
      "se": 0.0,
      "ci_lo": 0.0,
      "ci_hi": 0.0,
      "all": [
        0.0,
        0.0,
        0.0,
        0.0,
        0.0
      ]
    }
  },
  "hysteresis": {
    "enabled": true,
    "D": [
      0.005,
      0.02,
      0.05,
      0.0738,
      0.1,
      0.15
    ],
    "phi_down": [
      0.9779258171717325,
      0.9067778388659159,
      0.7700756192207336,
      0.6019162138303121,
      0.23154368996620178,
      0.06572004904349645
    ],
    "phi_up": [
      0.9822828968365988,
      0.9208699862162272,
      0.7682309746742249,
      0.6124518712361654,
      0.23525172968705496,
      0.06443865597248077
    ],
    "r1_down": [
      0.008903509316345056,
      0.01766607165336609,
      0.02742355192701022,
      0.03470878675580025,
      0.042686389138301216,
      0.046081344286600746
    ],
    "r1_up": [
      0.008291964419186115,
      0.016873156651854515,
      0.02756427600979805,
      0.03451447437206904,
      0.04263207564751307,
      0.046152349561452866
    ],
    "AH_phi": 0.0008360749264558165,
    "AH_r1": 3.491493755330669e-05
  }
}