{
  "noise": 0.02,
  "n_seeds": 5,
  "sim_cfg": {
    "N": 1024,
    "k": 9,
    "rho": 1.0,
    "v0": 0.05,
    "noise": 0.02,
    "dt": 1.0,
    "include_self_in_alignment": false,
    "dtype": "<class 'jax.numpy.float32'>",
    "L": 10.079368399158984
  },
  "exp_cfg": {
    "burnin_steps": 20000,
    "measure_steps": 50000,
    "max_lag": 8192,
    "dense_until": 128,
    "log_points": 48,
    "n_origins": 24,
    "lifetime_every": 8,
    "frustration_threshold": 0.5,
    "frustration_phi_threshold": 0.8,
    "cluster_overlap_threshold": 0.3,
    "nn_block": 1024,
    "eps": 1e-12
  },
  "scalars": {
    "phi_mean": {
      "mean": 0.9170639420549076,
      "se": 0.001277177342280959,
      "ci_lo": 0.9149022371446092,
      "ci_hi": 0.9193058247367543,
      "all": [
        0.914066401620706,
        0.919732024272283,
        0.9156899179021517,
        0.9153485000133514,
        0.9204828664660454
      ]
    },
    "ell_nn2": {
      "mean": 0.2682058765242497,
      "se": 0.0011621061445523794,
      "ci_lo": 0.26648181900382045,
      "ci_hi": 0.27047067011396086,
      "all": [
        0.26591075335939723,
        0.26662458541492623,
        0.27257808049519855,
        0.2679945236692826,
        0.2679214396824439
      ]
    },
    "tau_rw": {
      "mean": 1064.0945092794634,
      "se": 19.698889190164003,
      "ci_lo": 1032.851615573515,
      "ci_hi": 1098.6176543700735,
      "all": [
        1061.2993950583063,
        1076.7434651623355,
        1131.2946363513952,
        1018.1986094291937,
        1032.9364403960863
      ]
    },
    "tau_rw_1e": {
      "mean": 907.8506058030634,
      "se": 15.772608567514126,
      "ci_lo": 882.3539128149166,
      "ci_hi": 937.1522544676238,
      "all": [
        907.7336618299045,
        923.1747146212482,
        958.1185642371871,
        869.1843805631787,
        881.0417077637987
      ]
    },
    "tau_rw_window_limited": {
      "mean": 0.0,
      "se": 0.0,
      "ci_lo": 0.0,
      "ci_hi": 0.0,
      "all": [
        0.0,
        0.0,
        0.0,
        0.0,
        0.0
      ]
    },
    "tau_rel": {
      "mean": 26.147583242504794,
      "se": 1.7543464975416116,
      "ci_lo": 22.54409248578086,
      "ci_hi": 28.64258282011935,
      "all": [
        27.74052074388674,
        19.7461955521584,
        28.193224324723786,
        29.769324144049733,
        25.288651447705305
      ]
    },
    "tau_rel_1e": {
      "mean": 4.855142170963298,
      "se": 0.6694631905837014,
      "ci_lo": 3.7348442113542233,
      "ci_hi": 5.9754401305723714,
      "all": [
        5.507441134115502,
        3.187890652175578,
        5.053320141586252,
        6.904499121522299,
        3.622559805416855
      ]
    },
    "tau_rel_window_limited": {
      "mean": 0.0,
      "se": 0.0,
      "ci_lo": 0.0,
      "ci_hi": 0.0,
      "all": [
        0.0,
        0.0,
        0.0,
        0.0,
        0.0
      ]
    },
    "tau_cage": {
      "mean": 44.37115060060325,
      "se": 1.0554723854257138,
      "ci_lo": 42.640881546241374,
      "ci_hi": 46.20116552236151,
      "all": [
        43.35469004768057,
        47.44612066072551,
        43.82481187889271,
        41.34020367794694,
        45.8899267377705
      ]
    },
    "tau_cage_window_limited": {
      "mean": 0.0,
      "se": 0.0,
      "ci_lo": 0.0,
      "ci_hi": 0.0,
      "all": [
        0.0,
        0.0,
        0.0,
        0.0,
        0.0
      ]
    },
    "fr_n_tracks": {
      "mean": 0.4,
      "se": 0.4,
      "ci_lo": 0.0,
      "ci_hi": 1.2,
      "all": [
        0.0,
        0.0,
        0.0,
        2.0,
        0.0
      ]
    },
    "fr_mean_lifetime": {
      "mean": 1.6,
      "se": 1.6,
      "ci_lo": 0.0,
      "ci_hi": 4.8,
      "all": [
        0.0,
        0.0,
        0.0,
        8.0,
        0.0
      ]
    },
    "fr_median_lifetime": {
      "mean": 1.6,
      "se": 1.6,
      "ci_lo": 0.0,
      "ci_hi": 4.8,
      "all": [
        0.0,
        0.0,
        0.0,
        8.0,
        0.0
      ]
    },
    "fr_p90_lifetime": {
      "mean": 1.6,
      "se": 1.6,
      "ci_lo": 0.0,
      "ci_hi": 4.8,
      "all": [
        0.0,
        0.0,
        0.0,
        8.0,
        0.0
      ]
    },
    "fr_max_lifetime": {
      "mean": 1.6,
      "se": 1.6,
      "ci_lo": 0.0,
      "ci_hi": 4.8,
      "all": [
        0.0,
        0.0,
        0.0,
        8.0,
        0.0
      ]
    },
    "fr_tail_frac_ge_100": {
      "mean": 0.0,
      "se": 0.0,
      "ci_lo": 0.0,
      "ci_hi": 0.0,
      "all": [
        0.0,
        0.0,
        0.0,
        0.0,
        0.0
      ]
    },
    "fr_censored_frac": {
      "mean": 0.0,
      "se": 0.0,
      "ci_lo": 0.0,
      "ci_hi": 0.0,
      "all": [
        0.0,
        0.0,
        0.0,
        0.0,
        0.0
      ]
    },
    "fr_frames_with_clusters_frac": {
      "mean": 6.39897616381379e-05,
      "se": 6.39897616381379e-05,
      "ci_lo": 0.0,
      "ci_hi": 0.00019196928491441368,
      "all": [
        0.0,
        0.0,
        0.0,
        0.00031994880819068947,
        0.0
      ]
    }
  },
  "hysteresis": {
    "enabled": true,
    "D": [
      0.005,
      0.02,
      0.05,
      0.0738,
      0.1,
      0.15
    ],
    "phi_down": [
      0.9779258171717325,
      0.9067778388659159,
      0.7700756192207336,
      0.6019162138303121,
      0.23154368996620178,
      0.06572004904349645
    ],
    "phi_up": [
      0.9822828968365988,
      0.9208699862162272,
      0.7682309746742249,
      0.6124518712361654,
      0.23525172968705496,
      0.06443865597248077
    ],
    "r1_down": [
      0.008903509316345056,
      0.01766607165336609,
      0.02742355192701022,
      0.03470878675580025,
      0.042686389138301216,
      0.046081344286600746
    ],
    "r1_up": [
      0.008291964419186115,
      0.016873156651854515,
      0.02756427600979805,
      0.03451447437206904,
      0.04263207564751307,
      0.046152349561452866
    ],
    "AH_phi": 0.0008360749264558165,
    "AH_r1": 3.491493755330669e-05
  }
}