{
  "noise": 0.1,
  "n_seeds": 5,
  "sim_cfg": {
    "N": 1024,
    "k": 9,
    "rho": 1.0,
    "v0": 0.05,
    "noise": 0.1,
    "dt": 1.0,
    "include_self_in_alignment": false,
    "dtype": "<class 'jax.numpy.float32'>",
    "L": 10.079368399158984
  },
  "exp_cfg": {
    "burnin_steps": 20000,
    "measure_steps": 50000,
    "max_lag": 8192,
    "dense_until": 128,
    "log_points": 48,
    "n_origins": 24,
    "lifetime_every": 8,
    "frustration_threshold": 0.5,
    "frustration_phi_threshold": 0.8,
    "cluster_overlap_threshold": 0.3,
    "nn_block": 1024,
    "eps": 1e-12
  },
  "scalars": {
    "phi_mean": {
      "mean": 0.24295158085102836,
      "se": 0.006034658877380206,
      "ci_lo": 0.23240586441631117,
      "ci_hi": 0.2533409841979543,
      "all": [
        0.2558809382220109,
        0.23346265591681004,
        0.2542882173632582,
        0.24636660981923342,
        0.22475948293382922
      ]
    },
    "ell_nn2": {
      "mean": 0.30985668127735455,
      "se": 0.0006826178618618562,
      "ci_lo": 0.30876492783427234,
      "ci_hi": 0.31098510433609283,
      "all": [
        0.30863118544220924,
        0.31032761310537654,
        0.3119582049548626,
        0.31024907529354095,
        0.3081173275907834
      ]
    },
    "tau_rw": {
      "mean": 297.37359285346486,
      "se": 0.5458929376438939,
      "ci_lo": 296.46781967320044,
      "ci_hi": 298.37234385006934,
      "all": [
        296.41973367568767,
        297.4146014529062,
        299.1116238232632,
        297.87949053460676,
        296.04251478086024
      ]
    },
    "tau_rw_1e": {
      "mean": 242.25523532587872,
      "se": 0.8076805806990077,
      "ci_lo": 240.8772704843349,
      "ci_hi": 243.6198591978389,
      "all": [
        240.051366418992,
        244.18088674570652,
        244.03523801069312,
        241.80905399303322,
        241.1996314609689
      ]
    },
    "tau_rw_window_limited": {
      "mean": 0.0,
      "se": 0.0,
      "ci_lo": 0.0,
      "ci_hi": 0.0,
      "all": [
        0.0,
        0.0,
        0.0,
        0.0,
        0.0
      ]
    },
    "tau_rel": {
      "mean": 4.503312998112558,
      "se": 0.10199060920837077,
      "ci_lo": 4.301289974146753,
      "ci_hi": 4.676590174162341,
      "all": [
        4.56901216135584,
        4.792950673415637,
        4.167450340056325,
        4.435086689208953,
        4.552065126526039
      ]
    },
    "tau_rel_1e": {
      "mean": 0.7974432505935715,
      "se": 0.002584110598702723,
      "ci_lo": 0.793151472729581,
      "ci_hi": 0.8021127840642203,
      "all": [
        0.7938191066739902,
        0.7943462606370238,
        0.7921500218129672,
        0.8011443465117473,
        0.8057565173321289
      ]
    },
    "tau_rel_window_limited": {
      "mean": 0.0,
      "se": 0.0,
      "ci_lo": 0.0,
      "ci_hi": 0.0,
      "all": [
        0.0,
        0.0,
        0.0,
        0.0,
        0.0
      ]
    },
    "tau_cage": {
      "mean": 27.46868725454076,
      "se": 0.2579447567524485,
      "ci_lo": 27.01084277365225,
      "ci_hi": 27.947292797958266,
      "all": [
        27.990991744457187,
        27.36023871234104,
        28.12841117766436,
        27.063473076673343,
        26.80032156156787
      ]
    },
    "tau_cage_window_limited": {
      "mean": 0.0,
      "se": 0.0,
      "ci_lo": 0.0,
      "ci_hi": 0.0,
      "all": [
        0.0,
        0.0,
        0.0,
        0.0,
        0.0
      ]
    },
    "fr_n_tracks": {
      "mean": 0.0,
      "se": 0.0,
      "ci_lo": 0.0,
      "ci_hi": 0.0,
      "all": [
        0.0,
        0.0,
        0.0,
        0.0,
        0.0
      ]
    },
    "fr_mean_lifetime": {
      "mean": 0.0,
      "se": 0.0,
      "ci_lo": 0.0,
      "ci_hi": 0.0,
      "all": [
        0.0,
        0.0,
        0.0,
        0.0,
        0.0
      ]
    },
    "fr_median_lifetime": {
      "mean": 0.0,
      "se": 0.0,
      "ci_lo": 0.0,
      "ci_hi": 0.0,
      "all": [
        0.0,
        0.0,
        0.0,
        0.0,
        0.0
      ]
    },
    "fr_p90_lifetime": {
      "mean": 0.0,
      "se": 0.0,
      "ci_lo": 0.0,
      "ci_hi": 0.0,
      "all": [
        0.0,
        0.0,
        0.0,
        0.0,
        0.0
      ]
    },
    "fr_max_lifetime": {
      "mean": 0.0,
      "se": 0.0,
      "ci_lo": 0.0,
      "ci_hi": 0.0,
      "all": [
        0.0,
        0.0,
        0.0,
        0.0,
        0.0
      ]
    },
    "fr_tail_frac_ge_100": {
      "mean": 0.0,
      "se": 0.0,
      "ci_lo": 0.0,
      "ci_hi": 0.0,
      "all": [
        0.0,
        0.0,
        0.0,
        0.0,
        0.0
      ]
    },
    "fr_censored_frac": {
      "mean": 0.0,
      "se": 0.0,
      "ci_lo": 0.0,
      "ci_hi": 0.0,
      "all": [
        0.0,
        0.0,
        0.0,
        0.0,
        0.0
      ]
    },
    "fr_frames_with_clusters_frac": {
      "mean": 0.0,
      "se": 0.0,
      "ci_lo": 0.0,
      "ci_hi": 0.0,
      "all": [
        0.0,
        0.0,
        0.0,
        0.0,
        0.0
      ]
    }
  },
  "hysteresis": {
    "enabled": true,
    "D": [
      0.005,
      0.02,
      0.05,
      0.0738,
      0.1,
      0.15
    ],
    "phi_down": [
      0.9779258171717325,
      0.9067778388659159,
      0.7700756192207336,
      0.6019162138303121,
      0.23154368996620178,
      0.06572004904349645
    ],
    "phi_up": [
      0.9822828968365988,
      0.9208699862162272,
      0.7682309746742249,
      0.6124518712361654,
      0.23525172968705496,
      0.06443865597248077
    ],
    "r1_down": [
      0.008903509316345056,
      0.01766607165336609,
      0.02742355192701022,
      0.03470878675580025,
      0.042686389138301216,
      0.046081344286600746
    ],
    "r1_up": [
      0.008291964419186115,
      0.016873156651854515,
      0.02756427600979805,
      0.03451447437206904,
      0.04263207564751307,
      0.046152349561452866
    ],
    "AH_phi": 0.0008360749264558165,
    "AH_r1": 3.491493755330669e-05
  }
}