{
  "noise": 0.05,
  "n_seeds": 5,
  "sim_cfg": {
    "N": 1024,
    "k": 9,
    "rho": 1.0,
    "v0": 0.05,
    "noise": 0.05,
    "dt": 1.0,
    "include_self_in_alignment": false,
    "dtype": "<class 'jax.numpy.float32'>",
    "L": 10.079368399158984
  },
  "exp_cfg": {
    "burnin_steps": 20000,
    "measure_steps": 50000,
    "max_lag": 8192,
    "dense_until": 128,
    "log_points": 48,
    "n_origins": 24,
    "lifetime_every": 8,
    "frustration_threshold": 0.5,
    "frustration_phi_threshold": 0.8,
    "cluster_overlap_threshold": 0.3,
    "nn_block": 1024,
    "eps": 1e-12
  },
  "scalars": {
    "phi_mean": {
      "mean": 0.7738423019647598,
      "se": 0.0017095787507597298,
      "ci_lo": 0.7709431231021882,
      "ci_hi": 0.7764745540047685,
      "all": [
        0.7746290316184362,
        0.7687626630067825,
        0.7712806289394697,
        0.7762754360834757,
        0.778263750175635
      ]
    },
    "ell_nn2": {
      "mean": 0.28692695523301764,
      "se": 0.0005839621066472309,
      "ci_lo": 0.28599551629275083,
      "ci_hi": 0.2879227214679122,
      "all": [
        0.285447109490633,
        0.2860696539282799,
        0.28730323041478795,
        0.28886426985263824,
        0.286950512478749
      ]
    },
    "tau_rw": {
      "mean": 541.0855171768719,
      "se": 5.537431667294331,
      "ci_lo": 531.7878470433034,
      "ci_hi": 550.37114043477,
      "all": [
        546.9243435323242,
        526.3008785273639,
        530.763115346409,
        544.8714818473223,
        556.5677666309399
      ]
    },
    "tau_rw_1e": {
      "mean": 456.5749693398757,
      "se": 3.73440797439245,
      "ci_lo": 451.21605998873036,
      "ci_hi": 463.7629312531801,
      "all": [
        457.47470619793734,
        453.41967960976564,
        450.9718622584862,
        450.35844790845687,
        470.6501507247325
      ]
    },
    "tau_rw_window_limited": {
      "mean": 0.0,
      "se": 0.0,
      "ci_lo": 0.0,
      "ci_hi": 0.0,
      "all": [
        0.0,
        0.0,
        0.0,
        0.0,
        0.0
      ]
    },
    "tau_rel": {
      "mean": 13.24629235571192,
      "se": 0.42229429507467486,
      "ci_lo": 12.450910009458292,
      "ci_hi": 13.891214248647007,
      "all": [
        14.148572979198613,
        13.746849861592802,
        12.912923295059482,
        13.665225561652198,
        11.757890081056503
      ]
    },
    "tau_rel_1e": {
      "mean": 0.9227665414005892,
      "se": 0.008251918933793978,
      "ci_lo": 0.9085785255256902,
      "ci_hi": 0.936954557275488,
      "all": [
        0.9081828111355014,
        0.9446535261099853,
        0.9344493728161128,
        0.9265669885252444,
        0.8999800084161019
      ]
    },
    "tau_rel_window_limited": {
      "mean": 0.0,
      "se": 0.0,
      "ci_lo": 0.0,
      "ci_hi": 0.0,
      "all": [
        0.0,
        0.0,
        0.0,
        0.0,
        0.0
      ]
    },
    "tau_cage": {
      "mean": 32.27586713770257,
      "se": 0.5825793998011184,
      "ci_lo": 31.230519540842728,
      "ci_hi": 33.29573158505601,
      "all": [
        33.295538758477306,
        31.254283471625,
        31.028806533426653,
        31.811894632308665,
        33.98881229267521
      ]
    },
    "tau_cage_window_limited": {
      "mean": 0.0,
      "se": 0.0,
      "ci_lo": 0.0,
      "ci_hi": 0.0,
      "all": [
        0.0,
        0.0,
        0.0,
        0.0,
        0.0
      ]
    },
    "fr_n_tracks": {
      "mean": 12.8,
      "se": 1.1575836902790224,
      "ci_lo": 11.0,
      "ci_hi": 15.2,
      "all": [
        10.0,
        17.0,
        12.0,
        13.0,
        12.0
      ]
    },
    "fr_mean_lifetime": {
      "mean": 8.0,
      "se": 0.0,
      "ci_lo": 8.0,
      "ci_hi": 8.0,
      "all": [
        8.0,
        8.0,
        8.0,
        8.0,
        8.0
      ]
    },
    "fr_median_lifetime": {
      "mean": 8.0,
      "se": 0.0,
      "ci_lo": 8.0,
      "ci_hi": 8.0,
      "all": [
        8.0,
        8.0,
        8.0,
        8.0,
        8.0
      ]
    },
    "fr_p90_lifetime": {
      "mean": 8.0,
      "se": 0.0,
      "ci_lo": 8.0,
      "ci_hi": 8.0,
      "all": [
        8.0,
        8.0,
        8.0,
        8.0,
        8.0
      ]
    },
    "fr_max_lifetime": {
      "mean": 8.0,
      "se": 0.0,
      "ci_lo": 8.0,
      "ci_hi": 8.0,
      "all": [
        8.0,
        8.0,
        8.0,
        8.0,
        8.0
      ]
    },
    "fr_tail_frac_ge_100": {
      "mean": 0.0,
      "se": 0.0,
      "ci_lo": 0.0,
      "ci_hi": 0.0,
      "all": [
        0.0,
        0.0,
        0.0,
        0.0,
        0.0
      ]
    },
    "fr_censored_frac": {
      "mean": 0.0,
      "se": 0.0,
      "ci_lo": 0.0,
      "ci_hi": 0.0,
      "all": [
        0.0,
        0.0,
        0.0,
        0.0,
        0.0
      ]
    },
    "fr_frames_with_clusters_frac": {
      "mean": 0.001983682610782275,
      "se": 0.00016470372965904652,
      "ci_lo": 0.001727723564229723,
      "ci_hi": 0.0022716365381538956,
      "all": [
        0.0015997440409534474,
        0.0025595904655255157,
        0.0017597184450487923,
        0.002079667253239482,
        0.001919692849144137
      ]
    }
  },
  "hysteresis": {
    "enabled": true,
    "D": [
      0.005,
      0.02,
      0.05,
      0.0738,
      0.1,
      0.15
    ],
    "phi_down": [
      0.9779258171717325,
      0.9067778388659159,
      0.7700756192207336,
      0.6019162138303121,
      0.23154368996620178,
      0.06572004904349645
    ],
    "phi_up": [
      0.9822828968365988,
      0.9208699862162272,
      0.7682309746742249,
      0.6124518712361654,
      0.23525172968705496,
      0.06443865597248077
    ],
    "r1_down": [
      0.008903509316345056,
      0.01766607165336609,
      0.02742355192701022,
      0.03470878675580025,
      0.042686389138301216,
      0.046081344286600746
    ],
    "r1_up": [
      0.008291964419186115,
      0.016873156651854515,
      0.02756427600979805,
      0.03451447437206904,
      0.04263207564751307,
      0.046152349561452866
    ],
    "AH_phi": 0.0008360749264558165,
    "AH_r1": 3.491493755330669e-05
  }
}