{
  "noise": 0.005,
  "n_seeds": 5,
  "sim_cfg": {
    "N": 1024,
    "k": 9,
    "rho": 1.0,
    "v0": 0.05,
    "noise": 0.005,
    "dt": 1.0,
    "include_self_in_alignment": false,
    "dtype": "<class 'jax.numpy.float32'>",
    "L": 10.079368399158984
  },
  "exp_cfg": {
    "burnin_steps": 20000,
    "measure_steps": 50000,
    "max_lag": 8192,
    "dense_until": 128,
    "log_points": 48,
    "n_origins": 24,
    "lifetime_every": 8,
    "frustration_threshold": 0.5,
    "frustration_phi_threshold": 0.8,
    "cluster_overlap_threshold": 0.3,
    "nn_block": 1024,
    "eps": 1e-12
  },
  "scalars": {
    "phi_mean": {
      "mean": 0.9769526888926823,
      "se": 0.0002909382894474063,
      "ci_lo": 0.9764585937062898,
      "ci_hi": 0.9773905248567462,
      "all": [
        0.9774121443430582,
        0.9761458362142245,
        0.9768594379226366,
        0.976570929090182,
        0.9777750968933105
      ]
    },
    "ell_nn2": {
      "mean": 0.24518312017122906,
      "se": 0.003728944559596536,
      "ci_lo": 0.23898118808865548,
      "ci_hi": 0.25128997874756653,
      "all": [
        0.2481123066196839,
        0.23705493410428366,
        0.23657956657310328,
        0.24795059487223625,
        0.25621819868683815
      ]
    },
    "tau_rw": {
      "mean": 2564.3448137241635,
      "se": 63.51303192635713,
      "ci_lo": 2450.9981673647685,
      "ci_hi": 2673.7863185769115,
      "all": [
        2697.9349404986383,
        2427.7014507152803,
        2411.3216326790653,
        2576.9446700351523,
        2707.821374692682
      ]
    },
    "tau_rw_1e": {
      "mean": 2559.9171675669386,
      "se": 95.1259112098271,
      "ci_lo": 2394.59263447798,
      "ci_hi": 2728.7748467541746,
      "all": [
        2766.41375869815,
        2329.884014847905,
        2351.613693745224,
        2588.7813182787577,
        2762.893052264655
      ]
    },
    "tau_rw_window_limited": {
      "mean": 0.0,
      "se": 0.0,
      "ci_lo": 0.0,
      "ci_hi": 0.0,
      "all": [
        0.0,
        0.0,
        0.0,
        0.0,
        0.0
      ]
    },
    "tau_rel": {
      "mean": 55.196030981002785,
      "se": 5.87744150879708,
      "ci_lo": 44.91990256472089,
      "ci_hi": 65.47215939728468,
      "all": [
        39.819485845308414,
        66.39056811938224,
        59.80911348637632,
        67.38527363064134,
        42.575713823305676
      ]
    },
    "tau_rel_1e": {
      "mean": 20.87175651469891,
      "se": 2.0858018614983296,
      "ci_lo": 17.22863669137758,
      "ci_hi": 24.51487633802024,
      "all": [
        15.793412382389702,
        25.369278271421546,
        22.605744957361452,
        24.615040094948334,
        15.975306867373526
      ]
    },
    "tau_rel_window_limited": {
      "mean": 0.0,
      "se": 0.0,
      "ci_lo": 0.0,
      "ci_hi": 0.0,
      "all": [
        0.0,
        0.0,
        0.0,
        0.0,
        0.0
      ]
    },
    "tau_cage": {
      "mean": 74.50002094041058,
      "se": 2.9992531602844243,
      "ci_lo": 69.92863197910583,
      "ci_hi": 80.09785943935128,
      "all": [
        76.525601878403,
        68.2856672144072,
        71.85382701580637,
        70.60899922545421,
        85.22600936798207
      ]
    },
    "tau_cage_window_limited": {
      "mean": 0.0,
      "se": 0.0,
      "ci_lo": 0.0,
      "ci_hi": 0.0,
      "all": [
        0.0,
        0.0,
        0.0,
        0.0,
        0.0
      ]
    },
    "fr_n_tracks": {
      "mean": 0.0,
      "se": 0.0,
      "ci_lo": 0.0,
      "ci_hi": 0.0,
      "all": [
        0.0,
        0.0,
        0.0,
        0.0,
        0.0
      ]
    },
    "fr_mean_lifetime": {
      "mean": 0.0,
      "se": 0.0,
      "ci_lo": 0.0,
      "ci_hi": 0.0,
      "all": [
        0.0,
        0.0,
        0.0,
        0.0,
        0.0
      ]
    },
    "fr_median_lifetime": {
      "mean": 0.0,
      "se": 0.0,
      "ci_lo": 0.0,
      "ci_hi": 0.0,
      "all": [
        0.0,
        0.0,
        0.0,
        0.0,
        0.0
      ]
    },
    "fr_p90_lifetime": {
      "mean": 0.0,
      "se": 0.0,
      "ci_lo": 0.0,
      "ci_hi": 0.0,
      "all": [
        0.0,
        0.0,
        0.0,
        0.0,
        0.0
      ]
    },
    "fr_max_lifetime": {
      "mean": 0.0,
      "se": 0.0,
      "ci_lo": 0.0,
      "ci_hi": 0.0,
      "all": [
        0.0,
        0.0,
        0.0,
        0.0,
        0.0
      ]
    },
    "fr_tail_frac_ge_100": {
      "mean": 0.0,
      "se": 0.0,
      "ci_lo": 0.0,
      "ci_hi": 0.0,
      "all": [
        0.0,
        0.0,
        0.0,
        0.0,
        0.0
      ]
    },
    "fr_censored_frac": {
      "mean": 0.0,
      "se": 0.0,
      "ci_lo": 0.0,
      "ci_hi": 0.0,
      "all": [
        0.0,
        0.0,
        0.0,
        0.0,
        0.0
      ]
    },
    "fr_frames_with_clusters_frac": {
      "mean": 0.0,
      "se": 0.0,
      "ci_lo": 0.0,
      "ci_hi": 0.0,
      "all": [
        0.0,
        0.0,
        0.0,
        0.0,
        0.0
      ]
    }
  },
  "hysteresis": {
    "enabled": true,
    "D": [
      0.005,
      0.02,
      0.05,
      0.0738,
      0.1,
      0.15
    ],
    "phi_down": [
      0.9779258171717325,
      0.9067778388659159,
      0.7700756192207336,
      0.6019162138303121,
      0.23154368996620178,
      0.06572004904349645
    ],
    "phi_up": [
      0.9822828968365988,
      0.9208699862162272,
      0.7682309746742249,
      0.6124518712361654,
      0.23525172968705496,
      0.06443865597248077
    ],
    "r1_down": [
      0.008903509316345056,
      0.01766607165336609,
      0.02742355192701022,
      0.03470878675580025,
      0.042686389138301216,
      0.046081344286600746
    ],
    "r1_up": [
      0.008291964419186115,
      0.016873156651854515,
      0.02756427600979805,
      0.03451447437206904,
      0.04263207564751307,
      0.046152349561452866
    ],
    "AH_phi": 0.0008360749264558165,
    "AH_r1": 3.491493755330669e-05
  }
}