{
  "N": 2048,
  "k": 5,
  "match_method": "count",
  "L": 12.699208415745595,
  "Rk": 0.6714,
  "topological_preview_Dopt": 0.0225,
  "metric_preview_Dopt": 0.0125,
  "count_match_reference_D_initial": [
    0.0225
  ],
  "count_match_reference_D_final": [
    0.0225
  ],
  "length_match_reference_D": 0.0225,
  "calibration": {
    "R": 0.6714,
    "target_k": 5.0,
    "matched_mean_degree": NaN,
    "match_method": "count",
    "reference_D_values": [
      0.0225
    ],
    "calibration_mode": "count_manual_override",
    "manual_override_used": true
  },
  "D_grid": [
    0.005,
    0.006875,
    0.0075,
    0.00875,
    0.01,
    0.010625,
    0.0125,
    0.014375,
    0.015,
    0.01625,
    0.0175,
    0.018125,
    0.02,
    0.021875,
    0.0225,
    0.02375,
    0.025,
    0.025625,
    0.0275,
    0.03,
    0.0325,
    0.035,
    0.0375,
    0.04,
    0.045,
    0.05,
    0.055,
    0.06,
    0.065,
    0.07,
    0.08,
    0.09,
    0.1,
    0.12,
    0.14,
    0.16,
    0.18,
    0.2
  ]
}