model,match_method,N,k,k_label,matched_R,matched_mean_degree_precalibration,realized_degree_mean,realized_degree_ci_low,realized_degree_ci_high,degree_gap,degree_gap_ci_low,degree_gap_ci_high,J_min,J_min_ci_low,J_min_ci_high,D_opt,D_opt_ci_low,D_opt_ci_high,D_c,D_c_ci_low,D_c_ci_high,Delta,Delta_ci_low,Delta_ci_high,sharpness,sharpness_ci_low,sharpness_ci_high,chi_peak,chi_peak_ci_low,chi_peak_ci_high,opt_on_boundary,opt_on_boundary_ci_low,opt_on_boundary_ci_high,critical_on_boundary,critical_on_boundary_ci_low,critical_on_boundary_ci_high
topological,count,2048,3,k=3,0.5063,,3.0,3.0,3.0,0.0,0.0,0.0,0.18601451887674614,0.09900757762467727,0.2325879973324163,0.014051189522442626,0.008334118039791243,0.020178975393169707,0.015934796666763604,0.008132166460436305,0.01672926504369803,0.0018836071443209777,2.2604412252820364e-05,0.008817343544878247,0.8840003524788191,0.1410578564428413,3.256348221379662,13.40059346588805,11.639216932063173,25.00516852614328,0.0,0.0,0.0,0.0,0.0,0.0
metric,count,2048,3,k=3,0.5063,,3.333195455735776,3.2879184240975032,3.3732362082137204,0.33319545573577614,0.28791842409750323,0.3732362082137204,0.2622313713169433,-0.001083659136799039,0.3987915178681728,0.023899299248582966,0.016817826810413605,0.02414693547706128,0.023889888984597523,0.005789636248342685,0.024015694862438423,9.410263985442507e-06,1.6550540092860184e-05,0.018246355511160512,1.3428270078487412,0.13421881306167796,9.229100765271848,9.782167062170856,8.974573636711554,21.887019041620068,0.0,0.0,0.0,0.0,0.0,0.0
