model,match_method,N,k,k_label,matched_R,matched_mean_degree_precalibration,realized_degree_mean,realized_degree_ci_low,realized_degree_ci_high,degree_gap,degree_gap_ci_low,degree_gap_ci_high,J_min,J_min_ci_low,J_min_ci_high,D_opt,D_opt_ci_low,D_opt_ci_high,D_c,D_c_ci_low,D_c_ci_high,Delta,Delta_ci_low,Delta_ci_high,sharpness,sharpness_ci_low,sharpness_ci_high,chi_peak,chi_peak_ci_low,chi_peak_ci_high,opt_on_boundary,opt_on_boundary_ci_low,opt_on_boundary_ci_high,critical_on_boundary,critical_on_boundary_ci_low,critical_on_boundary_ci_high
topological,count,2048,5,k=5,0.6714,,5.0,5.0,5.0,0.0,0.0,0.0,0.24156822183248394,0.13050130230813037,0.24156822183248394,0.02991933540252278,0.028856025770493083,0.05017295178681807,0.030228365438606523,0.029686463184224438,0.04478997798506619,0.00030903003608374197,2.6723688312336498e-05,0.019006099824632968,0.5768644345001608,0.08183603114925592,1.0963025237716186,16.945430464471087,14.516389617207842,31.24517934289772,0.0,0.0,0.0,0.0,0.0,0.0
metric,count,2048,5,k=5,0.6714,,5.150992836214995,5.090811531510401,5.205173564496401,0.1509928362149946,0.09081153151040056,0.205173564496401,0.34916318048239603,0.254577851787671,0.4240102760103393,0.05118451272526062,0.04188600918423391,0.052190636011142134,0.024685970150288183,0.024673226851732517,0.051843253288075604,0.026498542574972434,7.925662284646951e-05,0.027394216209220473,0.3002700710300936,0.06913157300320821,0.5870056258238365,12.0786355260434,6.900043157973668,34.08280062772173,0.0,0.0,0.0,0.0,0.0,0.0
