model,match_method,N,k,k_label,matched_R,matched_mean_degree_precalibration,realized_degree_mean,realized_degree_ci_low,realized_degree_ci_high,degree_gap,degree_gap_ci_low,degree_gap_ci_high,J_min,J_min_ci_low,J_min_ci_high,D_opt,D_opt_ci_low,D_opt_ci_high,D_c,D_c_ci_low,D_c_ci_high,Delta,Delta_ci_low,Delta_ci_high,sharpness,sharpness_ci_low,sharpness_ci_high,chi_peak,chi_peak_ci_low,chi_peak_ci_high,opt_on_boundary,opt_on_boundary_ci_low,opt_on_boundary_ci_high,critical_on_boundary,critical_on_boundary_ci_low,critical_on_boundary_ci_high
topological,count,2048,4,k=4,0.5649,,4.0,4.0,4.0,0.0,0.0,0.0,0.18282343163360792,-0.03046372517416597,0.21688139100089363,0.02356313190767081,0.01573339758379031,0.03149501054198449,0.023877639432827818,0.015212783008654952,0.031062420170403907,0.00031450752515700675,5.171521074080026e-05,0.012230698933125145,0.736395861428217,0.09108045481778378,3.77437532380498,16.553382674058867,14.206502109943276,29.800258726324,0.0,0.0,0.0,0.0,0.0,0.0
metric,count,2048,4,k=4,0.5649,,4.110825271868125,4.059581929490697,4.1662518993474364,0.11082527186812463,0.059581929490697405,0.16625189934743645,0.4216240234011277,0.1811870803085868,0.49495990112271654,0.02719515346678863,0.025715941876138664,0.03850690912661122,0.027510740698343576,0.008130702524906747,0.027759371162663936,0.00031558723155494794,2.8867018111780264e-05,0.030347455997534103,0.2132854088397492,0.03877308102708949,1.6624642177623508,11.38736274808889,6.984663144118433,21.311744750854132,0.0,0.0,0.0,0.0,0.0,0.0
