{
  "noise": 0.15,
  "n_seeds": 5,
  "sim_cfg": {
    "N": 1024,
    "k": 5,
    "rho": 1.0,
    "v0": 0.05,
    "noise": 0.15,
    "dt": 1.0,
    "include_self_in_alignment": false,
    "dtype": "<class 'jax.numpy.float32'>",
    "L": 10.079368399158984
  },
  "exp_cfg": {
    "burnin_steps": 20000,
    "measure_steps": 50000,
    "max_lag": 8192,
    "dense_until": 128,
    "log_points": 48,
    "n_origins": 24,
    "lifetime_every": 8,
    "frustration_threshold": 0.5,
    "frustration_phi_threshold": 0.8,
    "cluster_overlap_threshold": 0.3,
    "nn_block": 1024,
    "eps": 1e-12
  },
  "scalars": {
    "phi_mean": {
      "mean": 0.0547272605355829,
      "se": 0.001710726410015748,
      "ci_lo": 0.05150719000957906,
      "ci_hi": 0.05738211525604129,
      "all": [
        0.05618390301242471,
        0.05239064867297808,
        0.04923224006779492,
        0.057448581171532474,
        0.05838092975318432
      ]
    },
    "ell_nn2": {
      "mean": 0.3262492579718431,
      "se": 0.0010057328287151242,
      "ci_lo": 0.32463842878739035,
      "ci_hi": 0.32805692904939254,
      "all": [
        0.32689540336529416,
        0.3263808836539586,
        0.329564372698466,
        0.32373951251308125,
        0.3246661176284154
      ]
    },
    "tau_rw": {
      "mean": 315.76073782255344,
      "se": 0.6611406726897775,
      "ci_lo": 314.61687473137283,
      "ci_hi": 317.08274774661044,
      "all": [
        317.72697146644674,
        316.8362373020644,
        314.45385697372313,
        314.39003633888495,
        315.3965870316478
      ]
    },
    "tau_rw_1e": {
      "mean": 222.99726939778748,
      "se": 0.6925958178680426,
      "ci_lo": 221.68988416271708,
      "ci_hi": 224.0700485415514,
      "all": [
        223.5637802411924,
        224.63031412575796,
        223.1219823463452,
        223.22965016524154,
        220.44062011040018
      ]
    },
    "tau_rw_window_limited": {
      "mean": 0.0,
      "se": 0.0,
      "ci_lo": 0.0,
      "ci_hi": 0.0,
      "all": [
        0.0,
        0.0,
        0.0,
        0.0,
        0.0
      ]
    },
    "tau_rel": {
      "mean": 1.2445677464199458,
      "se": 0.02482133698137049,
      "ci_lo": 1.1979352010366437,
      "ci_hi": 1.2905675922864592,
      "all": [
        1.1655421471046048,
        1.3199294658542975,
        1.2443175552714232,
        1.2604857760966772,
        1.232563787772727
      ]
    },
    "tau_rel_1e": {
      "mean": 0.7008488986306339,
      "se": 0.0021238834926936225,
      "ci_lo": 0.6975541199564657,
      "ci_hi": 0.7047216254937874,
      "all": [
        0.6968534196466736,
        0.6967343501704888,
        0.7004759906718185,
        0.7018342103470588,
        0.7083465223171299
      ]
    },
    "tau_rel_window_limited": {
      "mean": 0.0,
      "se": 0.0,
      "ci_lo": 0.0,
      "ci_hi": 0.0,
      "all": [
        0.0,
        0.0,
        0.0,
        0.0,
        0.0
      ]
    },
    "tau_cage": {
      "mean": 56.23978037683179,
      "se": 0.278690776320019,
      "ci_lo": 55.75847906176311,
      "ci_hi": 56.78305934111711,
      "all": [
        56.171288805160486,
        55.614932331370866,
        57.0000259384461,
        56.74393008508675,
        55.668724724094744
      ]
    },
    "tau_cage_window_limited": {
      "mean": 0.0,
      "se": 0.0,
      "ci_lo": 0.0,
      "ci_hi": 0.0,
      "all": [
        0.0,
        0.0,
        0.0,
        0.0,
        0.0
      ]
    },
    "fr_n_tracks": {
      "mean": 0.0,
      "se": 0.0,
      "ci_lo": 0.0,
      "ci_hi": 0.0,
      "all": [
        0.0,
        0.0,
        0.0,
        0.0,
        0.0
      ]
    },
    "fr_mean_lifetime": {
      "mean": 0.0,
      "se": 0.0,
      "ci_lo": 0.0,
      "ci_hi": 0.0,
      "all": [
        0.0,
        0.0,
        0.0,
        0.0,
        0.0
      ]
    },
    "fr_median_lifetime": {
      "mean": 0.0,
      "se": 0.0,
      "ci_lo": 0.0,
      "ci_hi": 0.0,
      "all": [
        0.0,
        0.0,
        0.0,
        0.0,
        0.0
      ]
    },
    "fr_p90_lifetime": {
      "mean": 0.0,
      "se": 0.0,
      "ci_lo": 0.0,
      "ci_hi": 0.0,
      "all": [
        0.0,
        0.0,
        0.0,
        0.0,
        0.0
      ]
    },
    "fr_max_lifetime": {
      "mean": 0.0,
      "se": 0.0,
      "ci_lo": 0.0,
      "ci_hi": 0.0,
      "all": [
        0.0,
        0.0,
        0.0,
        0.0,
        0.0
      ]
    },
    "fr_tail_frac_ge_100": {
      "mean": 0.0,
      "se": 0.0,
      "ci_lo": 0.0,
      "ci_hi": 0.0,
      "all": [
        0.0,
        0.0,
        0.0,
        0.0,
        0.0
      ]
    },
    "fr_censored_frac": {
      "mean": 0.0,
      "se": 0.0,
      "ci_lo": 0.0,
      "ci_hi": 0.0,
      "all": [
        0.0,
        0.0,
        0.0,
        0.0,
        0.0
      ]
    },
    "fr_frames_with_clusters_frac": {
      "mean": 0.0,
      "se": 0.0,
      "ci_lo": 0.0,
      "ci_hi": 0.0,
      "all": [
        0.0,
        0.0,
        0.0,
        0.0,
        0.0
      ]
    }
  },
  "hysteresis": {
    "enabled": true,
    "D": [
      0.005,
      0.02,
      0.05,
      0.0738,
      0.1,
      0.15
    ],
    "phi_down": [
      0.8305020729700724,
      0.652534286181132,
      0.31203707059224445,
      0.1638355553150177,
      0.09633206576108932,
      0.05593727777401606
    ],
    "phi_up": [
      0.8701008359591166,
      0.6543989976247152,
      0.34697315096855164,
      0.1636793464422226,
      0.0988541692495346,
      0.05543757230043411
    ],
    "r1_down": [
      0.01682255355020364,
      0.027482372398177784,
      0.040906548500061035,
      0.04780641198158264,
      0.052856034288803734,
      0.05645298336942991
    ],
    "r1_up": [
      0.01600523975988229,
      0.027823392301797867,
      0.04014417032400767,
      0.04802322511871656,
      0.05286030968030294,
      0.056486853708823524
    ],
    "AH_phi": 0.0013912172935903093,
    "AH_r1": 4.0740753524005684e-05
  }
}