{
  "noise": 0.005,
  "n_seeds": 5,
  "sim_cfg": {
    "N": 1024,
    "k": 5,
    "rho": 1.0,
    "v0": 0.05,
    "noise": 0.005,
    "dt": 1.0,
    "include_self_in_alignment": false,
    "dtype": "<class 'jax.numpy.float32'>",
    "L": 10.079368399158984
  },
  "exp_cfg": {
    "burnin_steps": 20000,
    "measure_steps": 50000,
    "max_lag": 8192,
    "dense_until": 128,
    "log_points": 48,
    "n_origins": 24,
    "lifetime_every": 8,
    "frustration_threshold": 0.5,
    "frustration_phi_threshold": 0.8,
    "cluster_overlap_threshold": 0.3,
    "nn_block": 1024,
    "eps": 1e-12
  },
  "scalars": {
    "phi_mean": {
      "mean": 0.8217280641198158,
      "se": 0.00533958186390963,
      "ci_lo": 0.8130098730325699,
      "ci_hi": 0.8303241555889448,
      "all": [
        0.8159723927577337,
        0.8251941551764806,
        0.8049488514661789,
        0.8257068445285162,
        0.8368180766701698
      ]
    },
    "ell_nn2": {
      "mean": 0.10965811070054769,
      "se": 0.0013101659230483303,
      "ci_lo": 0.10706833085666101,
      "ci_hi": 0.11158854483316342,
      "all": [
        0.10483493966360886,
        0.11235431178162496,
        0.10935201837370793,
        0.11026446676502626,
        0.11148481691877048
      ]
    },
    "tau_rw": {
      "mean": 644.9254233024941,
      "se": 4.80457235735149,
      "ci_lo": 637.1625025900156,
      "ci_hi": 653.0934578571998,
      "all": [
        643.8084199225239,
        661.06060163198,
        637.4726105679068,
        633.5294359458702,
        648.7560484441891
      ]
    },
    "tau_rw_1e": {
      "mean": 554.6874825023373,
      "se": 3.358033128124814,
      "ci_lo": 548.601050378936,
      "ci_hi": 560.2056789757219,
      "all": [
        555.2938777893773,
        562.2318835186849,
        543.5468003455277,
        551.7294758321653,
        560.6353750259314
      ]
    },
    "tau_rw_window_limited": {
      "mean": 0.0,
      "se": 0.0,
      "ci_lo": 0.0,
      "ci_hi": 0.0,
      "all": [
        0.0,
        0.0,
        0.0,
        0.0,
        0.0
      ]
    },
    "tau_rel": {
      "mean": 182.46705569602545,
      "se": 4.054841150185285,
      "ci_lo": 175.29922663694552,
      "ci_hi": 189.64799256662133,
      "all": [
        173.59708298523452,
        189.56898201853653,
        172.6528117424805,
        192.52005800457806,
        183.99634372929762
      ]
    },
    "tau_rel_1e": {
      "mean": 184.44551241750636,
      "se": 4.011550935135721,
      "ci_lo": 177.24319850882156,
      "ci_hi": 190.57164471225386,
      "all": [
        184.5067099101325,
        195.97400687479603,
        172.2345736207522,
        189.20815158654435,
        180.30412009530693
      ]
    },
    "tau_rel_window_limited": {
      "mean": 0.0,
      "se": 0.0,
      "ci_lo": 0.0,
      "ci_hi": 0.0,
      "all": [
        0.0,
        0.0,
        0.0,
        0.0,
        0.0
      ]
    },
    "tau_cage": {
      "mean": 12.141637979922569,
      "se": 0.21496889872017808,
      "ci_lo": 11.755626013721612,
      "ci_hi": 12.505925664685334,
      "all": [
        11.712747940992134,
        12.374968712599767,
        11.601290110861916,
        12.261511795030176,
        12.75767134012886
      ]
    },
    "tau_cage_window_limited": {
      "mean": 0.0,
      "se": 0.0,
      "ci_lo": 0.0,
      "ci_hi": 0.0,
      "all": [
        0.0,
        0.0,
        0.0,
        0.0,
        0.0
      ]
    },
    "fr_n_tracks": {
      "mean": 38.6,
      "se": 2.908607914449797,
      "ci_lo": 33.8,
      "ci_hi": 44.4,
      "all": [
        38.0,
        37.0,
        38.0,
        31.0,
        49.0
      ]
    },
    "fr_mean_lifetime": {
      "mean": 9.311598088508106,
      "se": 0.3519257055304666,
      "ci_lo": 8.687654620422023,
      "ci_hi": 9.935541556594188,
      "all": [
        10.105263157894736,
        10.162162162162161,
        8.631578947368421,
        8.516129032258064,
        9.142857142857142
      ]
    },
    "fr_median_lifetime": {
      "mean": 8.0,
      "se": 0.0,
      "ci_lo": 8.0,
      "ci_hi": 8.0,
      "all": [
        8.0,
        8.0,
        8.0,
        8.0,
        8.0
      ]
    },
    "fr_p90_lifetime": {
      "mean": 12.8,
      "se": 1.9595917942265422,
      "ci_lo": 9.6,
      "ci_hi": 16.0,
      "all": [
        16.0,
        16.0,
        8.0,
        8.0,
        16.0
      ]
    },
    "fr_max_lifetime": {
      "mean": 22.4,
      "se": 4.66476151587624,
      "ci_lo": 16.0,
      "ci_hi": 30.4,
      "all": [
        40.0,
        24.0,
        16.0,
        16.0,
        16.0
      ]
    },
    "fr_tail_frac_ge_100": {
      "mean": 0.0,
      "se": 0.0,
      "ci_lo": 0.0,
      "ci_hi": 0.0,
      "all": [
        0.0,
        0.0,
        0.0,
        0.0,
        0.0
      ]
    },
    "fr_censored_frac": {
      "mean": 0.0,
      "se": 0.0,
      "ci_lo": 0.0,
      "ci_hi": 0.0,
      "all": [
        0.0,
        0.0,
        0.0,
        0.0,
        0.0
      ]
    },
    "fr_frames_with_clusters_frac": {
      "mean": 0.00671892497200448,
      "se": 0.0005232899450902615,
      "ci_lo": 0.005759078547432411,
      "ci_hi": 0.007582786754119342,
      "all": [
        0.006878899376099824,
        0.007358822588385858,
        0.0060790273556231,
        0.0051191809310510315,
        0.008158694608862581
      ]
    }
  },
  "hysteresis": {
    "enabled": true,
    "D": [
      0.005,
      0.02,
      0.05,
      0.0738,
      0.1,
      0.15
    ],
    "phi_down": [
      0.8305020729700724,
      0.652534286181132,
      0.31203707059224445,
      0.1638355553150177,
      0.09633206576108932,
      0.05593727777401606
    ],
    "phi_up": [
      0.8701008359591166,
      0.6543989976247152,
      0.34697315096855164,
      0.1636793464422226,
      0.0988541692495346,
      0.05543757230043411
    ],
    "r1_down": [
      0.01682255355020364,
      0.027482372398177784,
      0.040906548500061035,
      0.04780641198158264,
      0.052856034288803734,
      0.05645298336942991
    ],
    "r1_up": [
      0.01600523975988229,
      0.027823392301797867,
      0.04014417032400767,
      0.04802322511871656,
      0.05286030968030294,
      0.056486853708823524
    ],
    "AH_phi": 0.0013912172935903093,
    "AH_r1": 4.0740753524005684e-05
  }
}