{
  "noise": 0.05,
  "n_seeds": 5,
  "sim_cfg": {
    "N": 1024,
    "k": 5,
    "rho": 1.0,
    "v0": 0.05,
    "noise": 0.05,
    "dt": 1.0,
    "include_self_in_alignment": false,
    "dtype": "<class 'jax.numpy.float32'>",
    "L": 10.079368399158984
  },
  "exp_cfg": {
    "burnin_steps": 20000,
    "measure_steps": 50000,
    "max_lag": 8192,
    "dense_until": 128,
    "log_points": 48,
    "n_origins": 24,
    "lifetime_every": 8,
    "frustration_threshold": 0.5,
    "frustration_phi_threshold": 0.8,
    "cluster_overlap_threshold": 0.3,
    "nn_block": 1024,
    "eps": 1e-12
  },
  "scalars": {
    "phi_mean": {
      "mean": 0.3387045221403241,
      "se": 0.009104851032706387,
      "ci_lo": 0.3273634259278575,
      "ci_hi": 0.35738582753886783,
      "all": [
        0.33232578728348017,
        0.374671599517266,
        0.324277335156997,
        0.33058855185906094,
        0.33165933688481647
      ]
    },
    "ell_nn2": {
      "mean": 0.19880220256745815,
      "se": 0.0014937171850801154,
      "ci_lo": 0.1964984882622957,
      "ci_hi": 0.20129128942886992,
      "all": [
        0.19656081000963846,
        0.19935866631567478,
        0.19890300370752811,
        0.20395462401211262,
        0.1952339087923368
      ]
    },
    "tau_rw": {
      "mean": 187.87482807837108,
      "se": 0.4891694263803269,
      "ci_lo": 187.0907819170577,
      "ci_hi": 188.83247301656917,
      "all": [
        186.8587126582181,
        189.5359299649785,
        188.3987943438584,
        187.15578084405195,
        187.42492258074844
      ]
    },
    "tau_rw_1e": {
      "mean": 167.13910806478071,
      "se": 0.6840707360449668,
      "ci_lo": 165.982980478716,
      "ci_hi": 168.40593199418157,
      "all": [
        165.27656673583277,
        169.3621171669292,
        167.71400178998377,
        166.3712003960979,
        166.9716542350601
      ]
    },
    "tau_rw_window_limited": {
      "mean": 0.0,
      "se": 0.0,
      "ci_lo": 0.0,
      "ci_hi": 0.0,
      "all": [
        0.0,
        0.0,
        0.0,
        0.0,
        0.0
      ]
    },
    "tau_rel": {
      "mean": 31.23170403406158,
      "se": 0.7731477291616872,
      "ci_lo": 29.89457721912334,
      "ci_hi": 32.568830848999816,
      "all": [
        33.06975307821009,
        30.143250064530147,
        32.70911034480643,
        31.286427398966055,
        28.949979283795173
      ]
    },
    "tau_rel_1e": {
      "mean": 28.71810956549952,
      "se": 0.39161864174445044,
      "ci_lo": 28.0415734311235,
      "ci_hi": 29.50827934351787,
      "all": [
        29.301857413884104,
        27.952986082376942,
        29.897102658803103,
        28.57530835400329,
        27.86329331843015
      ]
    },
    "tau_rel_window_limited": {
      "mean": 0.0,
      "se": 0.0,
      "ci_lo": 0.0,
      "ci_hi": 0.0,
      "all": [
        0.0,
        0.0,
        0.0,
        0.0,
        0.0
      ]
    },
    "tau_cage": {
      "mean": 11.818437570033318,
      "se": 0.08139393337458395,
      "ci_lo": 11.682085456315473,
      "ci_hi": 11.96905176739122,
      "all": [
        11.680121021522536,
        12.078952181821352,
        11.759481515174095,
        11.92828126996951,
        11.645351861679096
      ]
    },
    "tau_cage_window_limited": {
      "mean": 0.0,
      "se": 0.0,
      "ci_lo": 0.0,
      "ci_hi": 0.0,
      "all": [
        0.0,
        0.0,
        0.0,
        0.0,
        0.0
      ]
    },
    "fr_n_tracks": {
      "mean": 0.0,
      "se": 0.0,
      "ci_lo": 0.0,
      "ci_hi": 0.0,
      "all": [
        0.0,
        0.0,
        0.0,
        0.0,
        0.0
      ]
    },
    "fr_mean_lifetime": {
      "mean": 0.0,
      "se": 0.0,
      "ci_lo": 0.0,
      "ci_hi": 0.0,
      "all": [
        0.0,
        0.0,
        0.0,
        0.0,
        0.0
      ]
    },
    "fr_median_lifetime": {
      "mean": 0.0,
      "se": 0.0,
      "ci_lo": 0.0,
      "ci_hi": 0.0,
      "all": [
        0.0,
        0.0,
        0.0,
        0.0,
        0.0
      ]
    },
    "fr_p90_lifetime": {
      "mean": 0.0,
      "se": 0.0,
      "ci_lo": 0.0,
      "ci_hi": 0.0,
      "all": [
        0.0,
        0.0,
        0.0,
        0.0,
        0.0
      ]
    },
    "fr_max_lifetime": {
      "mean": 0.0,
      "se": 0.0,
      "ci_lo": 0.0,
      "ci_hi": 0.0,
      "all": [
        0.0,
        0.0,
        0.0,
        0.0,
        0.0
      ]
    },
    "fr_tail_frac_ge_100": {
      "mean": 0.0,
      "se": 0.0,
      "ci_lo": 0.0,
      "ci_hi": 0.0,
      "all": [
        0.0,
        0.0,
        0.0,
        0.0,
        0.0
      ]
    },
    "fr_censored_frac": {
      "mean": 0.0,
      "se": 0.0,
      "ci_lo": 0.0,
      "ci_hi": 0.0,
      "all": [
        0.0,
        0.0,
        0.0,
        0.0,
        0.0
      ]
    },
    "fr_frames_with_clusters_frac": {
      "mean": 0.0,
      "se": 0.0,
      "ci_lo": 0.0,
      "ci_hi": 0.0,
      "all": [
        0.0,
        0.0,
        0.0,
        0.0,
        0.0
      ]
    }
  },
  "hysteresis": {
    "enabled": true,
    "D": [
      0.005,
      0.02,
      0.05,
      0.0738,
      0.1,
      0.15
    ],
    "phi_down": [
      0.8305020729700724,
      0.652534286181132,
      0.31203707059224445,
      0.1638355553150177,
      0.09633206576108932,
      0.05593727777401606
    ],
    "phi_up": [
      0.8701008359591166,
      0.6543989976247152,
      0.34697315096855164,
      0.1636793464422226,
      0.0988541692495346,
      0.05543757230043411
    ],
    "r1_down": [
      0.01682255355020364,
      0.027482372398177784,
      0.040906548500061035,
      0.04780641198158264,
      0.052856034288803734,
      0.05645298336942991
    ],
    "r1_up": [
      0.01600523975988229,
      0.027823392301797867,
      0.04014417032400767,
      0.04802322511871656,
      0.05286030968030294,
      0.056486853708823524
    ],
    "AH_phi": 0.0013912172935903093,
    "AH_r1": 4.0740753524005684e-05
  }
}