{
  "noise": 0.02,
  "n_seeds": 5,
  "sim_cfg": {
    "N": 1024,
    "k": 5,
    "rho": 1.0,
    "v0": 0.05,
    "noise": 0.02,
    "dt": 1.0,
    "include_self_in_alignment": false,
    "dtype": "<class 'jax.numpy.float32'>",
    "L": 10.079368399158984
  },
  "exp_cfg": {
    "burnin_steps": 20000,
    "measure_steps": 50000,
    "max_lag": 8192,
    "dense_until": 128,
    "log_points": 48,
    "n_origins": 24,
    "lifetime_every": 8,
    "frustration_threshold": 0.5,
    "frustration_phi_threshold": 0.8,
    "cluster_overlap_threshold": 0.3,
    "nn_block": 1024,
    "eps": 1e-12
  },
  "scalars": {
    "phi_mean": {
      "mean": 0.6327532259126504,
      "se": 0.006346182758393785,
      "ci_lo": 0.6229188144207001,
      "ci_hi": 0.6448963778714338,
      "all": [
        0.623760369916757,
        0.6208773019413153,
        0.654897429049015,
        0.6253187283873558,
        0.638912300268809
      ]
    },
    "ell_nn2": {
      "mean": 0.15272854976356026,
      "se": 0.0014780361146113294,
      "ci_lo": 0.1504719732950131,
      "ci_hi": 0.15517153280476728,
      "all": [
        0.1491120938832561,
        0.15257986262440681,
        0.15248556404064098,
        0.15137855956951776,
        0.15808666869997978
      ]
    },
    "tau_rw": {
      "mean": 303.24663738013334,
      "se": 3.0494113782176266,
      "ci_lo": 297.9373896534223,
      "ci_hi": 308.5558851068442,
      "all": [
        297.4374500338855,
        300.4786803937111,
        310.2678923074514,
        297.1666839028147,
        310.8824802628036
      ]
    },
    "tau_rw_1e": {
      "mean": 265.2190793086073,
      "se": 2.013040225779543,
      "ci_lo": 261.8426582411872,
      "ci_hi": 268.71413870571234,
      "all": [
        261.0304248904001,
        261.51629383380634,
        271.0759267068138,
        263.6461315377024,
        268.82661957431395
      ]
    },
    "tau_rw_window_limited": {
      "mean": 0.0,
      "se": 0.0,
      "ci_lo": 0.0,
      "ci_hi": 0.0,
      "all": [
        0.0,
        0.0,
        0.0,
        0.0,
        0.0
      ]
    },
    "tau_rel": {
      "mean": 71.49747215183285,
      "se": 1.1530083863970635,
      "ci_lo": 69.44207323436972,
      "ci_hi": 73.62370381336063,
      "all": [
        70.84357828072034,
        74.47642044934167,
        69.81394605424184,
        73.84567943805779,
        68.50773653680264
      ]
    },
    "tau_rel_1e": {
      "mean": 74.11454067632702,
      "se": 1.223273663448782,
      "ci_lo": 71.94838194896731,
      "ci_hi": 75.9481881488761,
      "all": [
        73.9774867130446,
        77.25494871742622,
        70.20082089683616,
        76.0386410354888,
        73.10080601883931
      ]
    },
    "tau_rel_window_limited": {
      "mean": 0.0,
      "se": 0.0,
      "ci_lo": 0.0,
      "ci_hi": 0.0,
      "all": [
        0.0,
        0.0,
        0.0,
        0.0,
        0.0
      ]
    },
    "tau_cage": {
      "mean": 11.200132901197636,
      "se": 0.12514813381937656,
      "ci_lo": 10.991665038872602,
      "ci_hi": 11.412261047887611,
      "all": [
        10.974745525485934,
        11.020236018800807,
        11.527811138868318,
        10.994299062295166,
        11.483572760537944
      ]
    },
    "tau_cage_window_limited": {
      "mean": 0.0,
      "se": 0.0,
      "ci_lo": 0.0,
      "ci_hi": 0.0,
      "all": [
        0.0,
        0.0,
        0.0,
        0.0,
        0.0
      ]
    },
    "fr_n_tracks": {
      "mean": 1.6,
      "se": 0.9797958971132713,
      "ci_lo": 0.0,
      "ci_hi": 3.2,
      "all": [
        0.0,
        0.0,
        0.0,
        4.0,
        4.0
      ]
    },
    "fr_mean_lifetime": {
      "mean": 3.6,
      "se": 2.227105745132009,
      "ci_lo": 0.0,
      "ci_hi": 8.0,
      "all": [
        0.0,
        0.0,
        0.0,
        8.0,
        10.0
      ]
    },
    "fr_median_lifetime": {
      "mean": 3.2,
      "se": 1.9595917942265426,
      "ci_lo": 0.0,
      "ci_hi": 6.4,
      "all": [
        0.0,
        0.0,
        0.0,
        8.0,
        8.0
      ]
    },
    "fr_p90_lifetime": {
      "mean": 4.32,
      "se": 2.7896953238660314,
      "ci_lo": 0.0,
      "ci_hi": 9.760000000000002,
      "all": [
        0.0,
        0.0,
        0.0,
        8.0,
        13.600000000000001
      ]
    },
    "fr_max_lifetime": {
      "mean": 4.8,
      "se": 3.1999999999999997,
      "ci_lo": 0.0,
      "ci_hi": 11.2,
      "all": [
        0.0,
        0.0,
        0.0,
        8.0,
        16.0
      ]
    },
    "fr_tail_frac_ge_100": {
      "mean": 0.0,
      "se": 0.0,
      "ci_lo": 0.0,
      "ci_hi": 0.0,
      "all": [
        0.0,
        0.0,
        0.0,
        0.0,
        0.0
      ]
    },
    "fr_censored_frac": {
      "mean": 0.0,
      "se": 0.0,
      "ci_lo": 0.0,
      "ci_hi": 0.0,
      "all": [
        0.0,
        0.0,
        0.0,
        0.0,
        0.0
      ]
    },
    "fr_frames_with_clusters_frac": {
      "mean": 0.00022396416573348266,
      "se": 0.0001394624522009494,
      "ci_lo": 0.0,
      "ci_hi": 0.00047992321228603423,
      "all": [
        0.0,
        0.0,
        0.0,
        0.00047992321228603423,
        0.0006398976163813789
      ]
    }
  },
  "hysteresis": {
    "enabled": true,
    "D": [
      0.005,
      0.02,
      0.05,
      0.0738,
      0.1,
      0.15
    ],
    "phi_down": [
      0.8305020729700724,
      0.652534286181132,
      0.31203707059224445,
      0.1638355553150177,
      0.09633206576108932,
      0.05593727777401606
    ],
    "phi_up": [
      0.8701008359591166,
      0.6543989976247152,
      0.34697315096855164,
      0.1636793464422226,
      0.0988541692495346,
      0.05543757230043411
    ],
    "r1_down": [
      0.01682255355020364,
      0.027482372398177784,
      0.040906548500061035,
      0.04780641198158264,
      0.052856034288803734,
      0.05645298336942991
    ],
    "r1_up": [
      0.01600523975988229,
      0.027823392301797867,
      0.04014417032400767,
      0.04802322511871656,
      0.05286030968030294,
      0.056486853708823524
    ],
    "AH_phi": 0.0013912172935903093,
    "AH_r1": 4.0740753524005684e-05
  }
}