{
  "noise": 0.0738,
  "n_seeds": 5,
  "sim_cfg": {
    "N": 1024,
    "k": 5,
    "rho": 1.0,
    "v0": 0.05,
    "noise": 0.0738,
    "dt": 1.0,
    "include_self_in_alignment": false,
    "dtype": "<class 'jax.numpy.float32'>",
    "L": 10.079368399158984
  },
  "exp_cfg": {
    "burnin_steps": 20000,
    "measure_steps": 50000,
    "max_lag": 8192,
    "dense_until": 128,
    "log_points": 48,
    "n_origins": 24,
    "lifetime_every": 8,
    "frustration_threshold": 0.5,
    "frustration_phi_threshold": 0.8,
    "cluster_overlap_threshold": 0.3,
    "nn_block": 1024,
    "eps": 1e-12
  },
  "scalars": {
    "phi_mean": {
      "mean": 0.17837871272737782,
      "se": 0.004220283795221033,
      "ci_lo": 0.1712170595303178,
      "ci_hi": 0.18554036592443784,
      "all": [
        0.167515033390373,
        0.18348877845952907,
        0.18936288356781006,
        0.16952836265166601,
        0.18199850556751093
      ]
    },
    "ell_nn2": {
      "mean": 0.2478566726048787,
      "se": 0.0014412036019084285,
      "ci_lo": 0.2458417970687151,
      "ci_hi": 0.2508440646032492,
      "all": [
        0.24836728846033415,
        0.2463785863171021,
        0.2532298707713683,
        0.24616342224180698,
        0.24514419523378214
      ]
    },
    "tau_rw": {
      "mean": 172.76458962107634,
      "se": 0.3919169863834259,
      "ci_lo": 172.10281963572513,
      "ci_hi": 173.43061986231774,
      "all": [
        173.2030961897998,
        171.9911839190371,
        171.82775049720647,
        173.9459894326508,
        172.85492806668753
      ]
    },
    "tau_rw_1e": {
      "mean": 150.21975316797358,
      "se": 0.394957262971072,
      "ci_lo": 149.5693635577694,
      "ci_hi": 150.89866952329908,
      "all": [
        149.34308194493562,
        149.48772022601756,
        150.8014227935479,
        150.04419112288576,
        151.4223497524811
      ]
    },
    "tau_rw_window_limited": {
      "mean": 0.0,
      "se": 0.0,
      "ci_lo": 0.0,
      "ci_hi": 0.0,
      "all": [
        0.0,
        0.0,
        0.0,
        0.0,
        0.0
      ]
    },
    "tau_rel": {
      "mean": 12.972726848432657,
      "se": 0.3434317759351186,
      "ci_lo": 12.498604549188439,
      "ci_hi": 13.646961809054115,
      "all": [
        12.796418543731189,
        12.439806012890019,
        12.377186163540962,
        14.272389755189723,
        12.977833766811397
      ]
    },
    "tau_rel_1e": {
      "mean": 6.6952136587016655,
      "se": 0.21691471691555012,
      "ci_lo": 6.35642265020219,
      "ci_hi": 7.098525759062682,
      "all": [
        7.451961195773794,
        6.399494072973504,
        6.247628644147472,
        6.8891165638445555,
        6.487867816768999
      ]
    },
    "tau_rel_window_limited": {
      "mean": 0.0,
      "se": 0.0,
      "ci_lo": 0.0,
      "ci_hi": 0.0,
      "all": [
        0.0,
        0.0,
        0.0,
        0.0,
        0.0
      ]
    },
    "tau_cage": {
      "mean": 15.441582217492927,
      "se": 0.09050870849821907,
      "ci_lo": 15.305923619248976,
      "ci_hi": 15.616874601621253,
      "all": [
        15.314798621392839,
        15.422784561679917,
        15.780994845034407,
        15.262743207747278,
        15.4265898516102
      ]
    },
    "tau_cage_window_limited": {
      "mean": 0.0,
      "se": 0.0,
      "ci_lo": 0.0,
      "ci_hi": 0.0,
      "all": [
        0.0,
        0.0,
        0.0,
        0.0,
        0.0
      ]
    },
    "fr_n_tracks": {
      "mean": 0.0,
      "se": 0.0,
      "ci_lo": 0.0,
      "ci_hi": 0.0,
      "all": [
        0.0,
        0.0,
        0.0,
        0.0,
        0.0
      ]
    },
    "fr_mean_lifetime": {
      "mean": 0.0,
      "se": 0.0,
      "ci_lo": 0.0,
      "ci_hi": 0.0,
      "all": [
        0.0,
        0.0,
        0.0,
        0.0,
        0.0
      ]
    },
    "fr_median_lifetime": {
      "mean": 0.0,
      "se": 0.0,
      "ci_lo": 0.0,
      "ci_hi": 0.0,
      "all": [
        0.0,
        0.0,
        0.0,
        0.0,
        0.0
      ]
    },
    "fr_p90_lifetime": {
      "mean": 0.0,
      "se": 0.0,
      "ci_lo": 0.0,
      "ci_hi": 0.0,
      "all": [
        0.0,
        0.0,
        0.0,
        0.0,
        0.0
      ]
    },
    "fr_max_lifetime": {
      "mean": 0.0,
      "se": 0.0,
      "ci_lo": 0.0,
      "ci_hi": 0.0,
      "all": [
        0.0,
        0.0,
        0.0,
        0.0,
        0.0
      ]
    },
    "fr_tail_frac_ge_100": {
      "mean": 0.0,
      "se": 0.0,
      "ci_lo": 0.0,
      "ci_hi": 0.0,
      "all": [
        0.0,
        0.0,
        0.0,
        0.0,
        0.0
      ]
    },
    "fr_censored_frac": {
      "mean": 0.0,
      "se": 0.0,
      "ci_lo": 0.0,
      "ci_hi": 0.0,
      "all": [
        0.0,
        0.0,
        0.0,
        0.0,
        0.0
      ]
    },
    "fr_frames_with_clusters_frac": {
      "mean": 0.0,
      "se": 0.0,
      "ci_lo": 0.0,
      "ci_hi": 0.0,
      "all": [
        0.0,
        0.0,
        0.0,
        0.0,
        0.0
      ]
    }
  },
  "hysteresis": {
    "enabled": true,
    "D": [
      0.005,
      0.02,
      0.05,
      0.0738,
      0.1,
      0.15
    ],
    "phi_down": [
      0.8305020729700724,
      0.652534286181132,
      0.31203707059224445,
      0.1638355553150177,
      0.09633206576108932,
      0.05593727777401606
    ],
    "phi_up": [
      0.8701008359591166,
      0.6543989976247152,
      0.34697315096855164,
      0.1636793464422226,
      0.0988541692495346,
      0.05543757230043411
    ],
    "r1_down": [
      0.01682255355020364,
      0.027482372398177784,
      0.040906548500061035,
      0.04780641198158264,
      0.052856034288803734,
      0.05645298336942991
    ],
    "r1_up": [
      0.01600523975988229,
      0.027823392301797867,
      0.04014417032400767,
      0.04802322511871656,
      0.05286030968030294,
      0.056486853708823524
    ],
    "AH_phi": 0.0013912172935903093,
    "AH_r1": 4.0740753524005684e-05
  }
}