{
  "noise": 0.1,
  "n_seeds": 5,
  "sim_cfg": {
    "N": 1024,
    "k": 5,
    "rho": 1.0,
    "v0": 0.05,
    "noise": 0.1,
    "dt": 1.0,
    "include_self_in_alignment": false,
    "dtype": "<class 'jax.numpy.float32'>",
    "L": 10.079368399158984
  },
  "exp_cfg": {
    "burnin_steps": 20000,
    "measure_steps": 50000,
    "max_lag": 8192,
    "dense_until": 128,
    "log_points": 48,
    "n_origins": 24,
    "lifetime_every": 8,
    "frustration_threshold": 0.5,
    "frustration_phi_threshold": 0.8,
    "cluster_overlap_threshold": 0.3,
    "nn_block": 1024,
    "eps": 1e-12
  },
  "scalars": {
    "phi_mean": {
      "mean": 0.08992236530563483,
      "se": 0.002808422040344028,
      "ci_lo": 0.08444226051215083,
      "ci_hi": 0.09391469902669389,
      "all": [
        0.09485056887691219,
        0.07946238794829696,
        0.08897356983895104,
        0.09212648666774233,
        0.09419881319627166
      ]
    },
    "ell_nn2": {
      "mean": 0.2937343028684457,
      "se": 0.0007767486930444047,
      "ci_lo": 0.2922043499847253,
      "ci_hi": 0.2946165499587854,
      "all": [
        0.29461509610215825,
        0.2943265773355961,
        0.29432089626789093,
        0.29064595450957614,
        0.2947629901270072
      ]
    },
    "tau_rw": {
      "mean": 220.00928986824655,
      "se": 0.42548772080965286,
      "ci_lo": 219.28513901779007,
      "ci_hi": 220.73344071870306,
      "all": [
        220.16180886936763,
        218.72966489999465,
        221.08616858351337,
        220.66652877856038,
        219.40227820979675
      ]
    },
    "tau_rw_1e": {
      "mean": 176.1642695939669,
      "se": 0.7667246695355429,
      "ci_lo": 174.66903953358232,
      "ci_hi": 177.52593421396037,
      "all": [
        176.36875774895296,
        173.65409858099352,
        175.7763362091592,
        178.41558971495687,
        176.60656571577186
      ]
    },
    "tau_rw_window_limited": {
      "mean": 0.0,
      "se": 0.0,
      "ci_lo": 0.0,
      "ci_hi": 0.0,
      "all": [
        0.0,
        0.0,
        0.0,
        0.0,
        0.0
      ]
    },
    "tau_rel": {
      "mean": 3.6542777945640146,
      "se": 0.03722406415238625,
      "ci_lo": 3.5944288439524428,
      "ci_hi": 3.733104817927783,
      "all": [
        3.638554965232039,
        3.787187407160707,
        3.616990887835126,
        3.665406902924758,
        3.563248809667444
      ]
    },
    "tau_rel_1e": {
      "mean": 0.8364860745469175,
      "se": 0.0021827618440063866,
      "ci_lo": 0.8332416222683363,
      "ci_hi": 0.8407006905323188,
      "all": [
        0.8332316856591484,
        0.8347975803702943,
        0.8445511729782246,
        0.8373669945691081,
        0.8324829391578119
      ]
    },
    "tau_rel_window_limited": {
      "mean": 0.0,
      "se": 0.0,
      "ci_lo": 0.0,
      "ci_hi": 0.0,
      "all": [
        0.0,
        0.0,
        0.0,
        0.0,
        0.0
      ]
    },
    "tau_cage": {
      "mean": 24.842278589981518,
      "se": 0.10784092221113731,
      "ci_lo": 24.661907716212287,
      "ci_hi": 25.029720650198904,
      "all": [
        25.025999462890184,
        24.767704132069337,
        24.796176377176373,
        24.50321309242671,
        25.118299885344996
      ]
    },
    "tau_cage_window_limited": {
      "mean": 0.0,
      "se": 0.0,
      "ci_lo": 0.0,
      "ci_hi": 0.0,
      "all": [
        0.0,
        0.0,
        0.0,
        0.0,
        0.0
      ]
    },
    "fr_n_tracks": {
      "mean": 0.0,
      "se": 0.0,
      "ci_lo": 0.0,
      "ci_hi": 0.0,
      "all": [
        0.0,
        0.0,
        0.0,
        0.0,
        0.0
      ]
    },
    "fr_mean_lifetime": {
      "mean": 0.0,
      "se": 0.0,
      "ci_lo": 0.0,
      "ci_hi": 0.0,
      "all": [
        0.0,
        0.0,
        0.0,
        0.0,
        0.0
      ]
    },
    "fr_median_lifetime": {
      "mean": 0.0,
      "se": 0.0,
      "ci_lo": 0.0,
      "ci_hi": 0.0,
      "all": [
        0.0,
        0.0,
        0.0,
        0.0,
        0.0
      ]
    },
    "fr_p90_lifetime": {
      "mean": 0.0,
      "se": 0.0,
      "ci_lo": 0.0,
      "ci_hi": 0.0,
      "all": [
        0.0,
        0.0,
        0.0,
        0.0,
        0.0
      ]
    },
    "fr_max_lifetime": {
      "mean": 0.0,
      "se": 0.0,
      "ci_lo": 0.0,
      "ci_hi": 0.0,
      "all": [
        0.0,
        0.0,
        0.0,
        0.0,
        0.0
      ]
    },
    "fr_tail_frac_ge_100": {
      "mean": 0.0,
      "se": 0.0,
      "ci_lo": 0.0,
      "ci_hi": 0.0,
      "all": [
        0.0,
        0.0,
        0.0,
        0.0,
        0.0
      ]
    },
    "fr_censored_frac": {
      "mean": 0.0,
      "se": 0.0,
      "ci_lo": 0.0,
      "ci_hi": 0.0,
      "all": [
        0.0,
        0.0,
        0.0,
        0.0,
        0.0
      ]
    },
    "fr_frames_with_clusters_frac": {
      "mean": 0.0,
      "se": 0.0,
      "ci_lo": 0.0,
      "ci_hi": 0.0,
      "all": [
        0.0,
        0.0,
        0.0,
        0.0,
        0.0
      ]
    }
  },
  "hysteresis": {
    "enabled": true,
    "D": [
      0.005,
      0.02,
      0.05,
      0.0738,
      0.1,
      0.15
    ],
    "phi_down": [
      0.8305020729700724,
      0.652534286181132,
      0.31203707059224445,
      0.1638355553150177,
      0.09633206576108932,
      0.05593727777401606
    ],
    "phi_up": [
      0.8701008359591166,
      0.6543989976247152,
      0.34697315096855164,
      0.1636793464422226,
      0.0988541692495346,
      0.05543757230043411
    ],
    "r1_down": [
      0.01682255355020364,
      0.027482372398177784,
      0.040906548500061035,
      0.04780641198158264,
      0.052856034288803734,
      0.05645298336942991
    ],
    "r1_up": [
      0.01600523975988229,
      0.027823392301797867,
      0.04014417032400767,
      0.04802322511871656,
      0.05286030968030294,
      0.056486853708823524
    ],
    "AH_phi": 0.0013912172935903093,
    "AH_r1": 4.0740753524005684e-05
  }
}