{
  "noise": 0.05,
  "n_seeds": 5,
  "sim_cfg": {
    "N": 2048,
    "k": 7,
    "rho": 1.0,
    "v0": 0.05,
    "noise": 0.05,
    "dt": 1.0,
    "include_self_in_alignment": false,
    "dtype": "<class 'jax.numpy.float32'>",
    "L": 12.699208415745595
  },
  "exp_cfg": {
    "burnin_steps": 20000,
    "measure_steps": 50000,
    "max_lag": 8192,
    "dense_until": 128,
    "log_points": 48,
    "n_origins": 24,
    "nn_block": 1024,
    "eps": 1e-12
  },
  "scalars": {
    "phi_mean": {
      "mean": 0.6089997261762619,
      "se": 0.005191239441253365,
      "ci_lo": 0.5984819057087104,
      "ci_hi": 0.615511224915584,
      "all": [
        0.6103020186225573,
        0.6141357272863388,
        0.6161547477046648,
        0.5886509207387766,
        0.615755216528972
      ]
    },
    "ell_nn2": {
      "mean": 0.2365690916776657,
      "se": 0.001457415894203827,
      "ci_lo": 0.23452446834184226,
      "ci_hi": 0.2393513372788827,
      "all": [
        0.2373262420296669,
        0.24180379820366701,
        0.23586799638966718,
        0.2340190497537454,
        0.23382837201158205
      ]
    },
    "tau_rw": {
      "mean": 287.4982618803298,
      "se": 1.6219049084341843,
      "ci_lo": 285.262509216807,
      "ci_hi": 290.71883268302344,
      "all": [
        287.37259119904996,
        286.50138973785243,
        293.711750291655,
        284.8192568319888,
        285.08632134110246
      ]
    },
    "tau_rw_1e": {
      "mean": 252.67630457189335,
      "se": 2.1297506847078504,
      "ci_lo": 248.88828169473112,
      "ci_hi": 255.85851334945013,
      "all": [
        254.66262208749558,
        254.66737696708265,
        257.64521792300144,
        251.21136354750345,
        245.19494233438357
      ]
    },
    "tau_rw_window_limited": {
      "mean": 0.0,
      "se": 0.0,
      "ci_lo": 0.0,
      "ci_hi": 0.0,
      "all": [
        0.0,
        0.0,
        0.0,
        0.0,
        0.0
      ]
    },
    "tau_rel": {
      "mean": 32.62618249107168,
      "se": 0.9148886139333579,
      "ci_lo": 30.91839053031426,
      "ci_hi": 33.953265263430495,
      "all": [
        29.278027470076573,
        33.59161517011472,
        32.21802203979283,
        33.50339957382553,
        34.53984820154875
      ]
    },
    "tau_rel_1e": {
      "mean": 22.022080450782344,
      "se": 0.6894605587178104,
      "ci_lo": 20.811162307735295,
      "ci_hi": 23.18523383561076,
      "all": [
        19.866203708146074,
        21.663091417826053,
        22.56584279511457,
        24.123906713701356,
        21.891357619123667
      ]
    },
    "tau_rel_window_limited": {
      "mean": 0.0,
      "se": 0.0,
      "ci_lo": 0.0,
      "ci_hi": 0.0,
      "all": [
        0.0,
        0.0,
        0.0,
        0.0,
        0.0
      ]
    },
    "tau_cage": {
      "mean": 16.855493363612496,
      "se": 0.18701027609283385,
      "ci_lo": 16.48542120278769,
      "ci_hi": 17.1306954488603,
      "all": [
        17.13536103745674,
        17.171332067157884,
        17.039492882688116,
        16.162696195881676,
        16.76858463487807
      ]
    },
    "tau_cage_window_limited": {
      "mean": 0.0,
      "se": 0.0,
      "ci_lo": 0.0,
      "ci_hi": 0.0,
      "all": [
        0.0,
        0.0,
        0.0,
        0.0,
        0.0
      ]
    }
  }
}