{
  "noise": 0.15,
  "n_seeds": 5,
  "sim_cfg": {
    "N": 2048,
    "k": 7,
    "rho": 1.0,
    "v0": 0.05,
    "noise": 0.15,
    "dt": 1.0,
    "include_self_in_alignment": false,
    "dtype": "<class 'jax.numpy.float32'>",
    "L": 12.699208415745595
  },
  "exp_cfg": {
    "burnin_steps": 20000,
    "measure_steps": 50000,
    "max_lag": 8192,
    "dense_until": 128,
    "log_points": 48,
    "n_origins": 24,
    "nn_block": 1024,
    "eps": 1e-12
  },
  "scalars": {
    "phi_mean": {
      "mean": 0.042727069222989175,
      "se": 0.002417118596269888,
      "ci_lo": 0.03883643784405042,
      "ci_hi": 0.04714931060249607,
      "all": [
        0.03646186521897713,
        0.05081187902639309,
        0.04008899524342269,
        0.041565008306254946,
        0.04470759831989805
      ]
    },
    "ell_nn2": {
      "mean": 0.33119142750898994,
      "se": 0.0006173915544252647,
      "ci_lo": 0.33013313487172125,
      "ci_hi": 0.33227545710280537,
      "all": [
        0.3309975502391656,
        0.3330664858222008,
        0.32973116636276245,
        0.3301028956969579,
        0.3320590394238631
      ]
    },
    "tau_rw": {
      "mean": 407.25262459735734,
      "se": 1.162123565007204,
      "ci_lo": 405.2916571030184,
      "ci_hi": 409.28382235980257,
      "all": [
        408.27739611682154,
        406.45337782291904,
        406.9314801427811,
        410.8510658191019,
        403.74980308516314
      ]
    },
    "tau_rw_1e": {
      "mean": 274.48062118830484,
      "se": 0.8062195185098859,
      "ci_lo": 273.39723513809014,
      "ci_hi": 276.05932418132693,
      "all": [
        273.7186700007669,
        274.66375855467794,
        273.4389161077858,
        277.5255505368316,
        273.056210741462
      ]
    },
    "tau_rw_window_limited": {
      "mean": 0.0,
      "se": 0.0,
      "ci_lo": 0.0,
      "ci_hi": 0.0,
      "all": [
        0.0,
        0.0,
        0.0,
        0.0,
        0.0
      ]
    },
    "tau_rel": {
      "mean": 1.1300641104946691,
      "se": 0.018066513284052333,
      "ci_lo": 1.0982653699368201,
      "ci_hi": 1.1634048907138963,
      "all": [
        1.1066808941409745,
        1.144968802529062,
        1.1219709151786257,
        1.1910578569940955,
        1.0856420836305887
      ]
    },
    "tau_rel_1e": {
      "mean": 0.6910223026837631,
      "se": 0.000757921424782663,
      "ci_lo": 0.6894971564271284,
      "ci_hi": 0.6922882007321272,
      "all": [
        0.6915681672554675,
        0.6907378199862072,
        0.6930413739116537,
        0.6913708873008312,
        0.6883932649646558
      ]
    },
    "tau_rel_window_limited": {
      "mean": 0.0,
      "se": 0.0,
      "ci_lo": 0.0,
      "ci_hi": 0.0,
      "all": [
        0.0,
        0.0,
        0.0,
        0.0,
        0.0
      ]
    },
    "tau_cage": {
      "mean": 61.82972129385195,
      "se": 0.353949959872544,
      "ci_lo": 61.08356572855422,
      "ci_hi": 62.46924211329154,
      "all": [
        61.51743866087713,
        61.91126091018748,
        60.66304302390216,
        62.34967089789781,
        62.707192976395156
      ]
    },
    "tau_cage_window_limited": {
      "mean": 0.0,
      "se": 0.0,
      "ci_lo": 0.0,
      "ci_hi": 0.0,
      "all": [
        0.0,
        0.0,
        0.0,
        0.0,
        0.0
      ]
    }
  }
}