{
  "noise": 0.005,
  "n_seeds": 5,
  "sim_cfg": {
    "N": 2048,
    "k": 7,
    "rho": 1.0,
    "v0": 0.05,
    "noise": 0.005,
    "dt": 1.0,
    "include_self_in_alignment": false,
    "dtype": "<class 'jax.numpy.float32'>",
    "L": 12.699208415745595
  },
  "exp_cfg": {
    "burnin_steps": 20000,
    "measure_steps": 50000,
    "max_lag": 8192,
    "dense_until": 128,
    "log_points": 48,
    "n_origins": 24,
    "nn_block": 1024,
    "eps": 1e-12
  },
  "scalars": {
    "phi_mean": {
      "mean": 0.9136821483572325,
      "se": 0.0015936794226039512,
      "ci_lo": 0.9109674120942752,
      "ci_hi": 0.916510254641374,
      "all": [
        0.9178375527262688,
        0.9153067618608475,
        0.9145193075140318,
        0.9124101226528486,
        0.9083369970321655
      ]
    },
    "ell_nn2": {
      "mean": 0.14512018263339993,
      "se": 0.0003533316856544357,
      "ci_lo": 0.1445134722472479,
      "ci_hi": 0.14573105002442993,
      "all": [
        0.14613803724447885,
        0.14434422925114632,
        0.14432291127741337,
        0.14558344023923078,
        0.14521229515473047
      ]
    },
    "tau_rw": {
      "mean": 1042.7524920626317,
      "se": 11.544596010400804,
      "ci_lo": 1023.0228203772049,
      "ci_hi": 1060.9106004790767,
      "all": [
        1071.5672389146093,
        1032.41476085809,
        1052.1757831495133,
        1053.8061748553885,
        1003.7985025355583
      ]
    },
    "tau_rw_1e": {
      "mean": 897.1348232858052,
      "se": 9.315759829322912,
      "ci_lo": 878.8645821129487,
      "ci_hi": 911.9123554841678,
      "all": [
        914.2808735642222,
        885.4071599805097,
        909.021233888127,
        910.9893982021338,
        865.9754507940331
      ]
    },
    "tau_rw_window_limited": {
      "mean": 0.0,
      "se": 0.0,
      "ci_lo": 0.0,
      "ci_hi": 0.0,
      "all": [
        0.0,
        0.0,
        0.0,
        0.0,
        0.0
      ]
    },
    "tau_rel": {
      "mean": 196.02810344926053,
      "se": 7.497321848966732,
      "ci_lo": 180.37676831123608,
      "ci_hi": 209.0099209803695,
      "all": [
        187.41311907186832,
        172.18797032955422,
        213.62269536886112,
        197.90681149564946,
        209.00992098036951
      ]
    },
    "tau_rel_1e": {
      "mean": 194.42562645768686,
      "se": 7.654644055425517,
      "ci_lo": 181.69816881922898,
      "ci_hi": 206.40869866529064,
      "all": [
        187.3369086076886,
        169.6851517462215,
        208.46798200322297,
        212.0984802497919,
        194.53960968150932
      ]
    },
    "tau_rel_window_limited": {
      "mean": 0.0,
      "se": 0.0,
      "ci_lo": 0.0,
      "ci_hi": 0.0,
      "all": [
        0.0,
        0.0,
        0.0,
        0.0,
        0.0
      ]
    },
    "tau_cage": {
      "mean": 20.36498470873064,
      "se": 0.24544514115480887,
      "ci_lo": 19.919862472670108,
      "ci_hi": 20.835682267483584,
      "all": [
        21.1471184288833,
        20.48322302762801,
        20.327700580385052,
        20.253833023140018,
        19.613048483616808
      ]
    },
    "tau_cage_window_limited": {
      "mean": 0.0,
      "se": 0.0,
      "ci_lo": 0.0,
      "ci_hi": 0.0,
      "all": [
        0.0,
        0.0,
        0.0,
        0.0,
        0.0
      ]
    }
  }
}