{
  "noise": 0.1,
  "n_seeds": 5,
  "sim_cfg": {
    "N": 2048,
    "k": 7,
    "rho": 1.0,
    "v0": 0.05,
    "noise": 0.1,
    "dt": 1.0,
    "include_self_in_alignment": false,
    "dtype": "<class 'jax.numpy.float32'>",
    "L": 12.699208415745595
  },
  "exp_cfg": {
    "burnin_steps": 20000,
    "measure_steps": 50000,
    "max_lag": 8192,
    "dense_until": 128,
    "log_points": 48,
    "n_origins": 24,
    "nn_block": 1024,
    "eps": 1e-12
  },
  "scalars": {
    "phi_mean": {
      "mean": 0.10005665216594935,
      "se": 0.0023987884869164466,
      "ci_lo": 0.09599519879557192,
      "ci_hi": 0.10408378837940593,
      "all": [
        0.10631259460933506,
        0.10074057903451224,
        0.1029660642767946,
        0.09817423935358723,
        0.0920897835555176
      ]
    },
    "ell_nn2": {
      "mean": 0.3015624850988388,
      "se": 0.00041020928314926285,
      "ci_lo": 0.3008521964152654,
      "ci_hi": 0.3022727737824122,
      "all": [
        0.302322876950105,
        0.3025207333266735,
        0.3009430517752965,
        0.300349115083615,
        0.301676648358504
      ]
    },
    "tau_rw": {
      "mean": 259.2284765855449,
      "se": 0.19164136622778907,
      "ci_lo": 258.82413964644354,
      "ci_hi": 259.4932187334333,
      "all": [
        258.50380988291124,
        259.201783838976,
        259.43453665267594,
        259.5947678086534,
        259.40748474450805
      ]
    },
    "tau_rw_1e": {
      "mean": 206.4900154463764,
      "se": 0.3379159151979864,
      "ci_lo": 205.93726713067903,
      "ci_hi": 207.0427637620738,
      "all": [
        205.7901896129667,
        205.71998394032434,
        207.5450040420319,
        206.7289110897461,
        206.66598854681305
      ]
    },
    "tau_rw_window_limited": {
      "mean": 0.0,
      "se": 0.0,
      "ci_lo": 0.0,
      "ci_hi": 0.0,
      "all": [
        0.0,
        0.0,
        0.0,
        0.0,
        0.0
      ]
    },
    "tau_rel": {
      "mean": 4.725550960710106,
      "se": 0.0927276290718573,
      "ci_lo": 4.558367713244605,
      "ci_hi": 4.902112705707796,
      "all": [
        4.862244943409275,
        4.961914349155579,
        4.593978169184234,
        4.764412190591604,
        4.44520515120984
      ]
    },
    "tau_rel_1e": {
      "mean": 0.8329523078402146,
      "se": 0.0014337785961753547,
      "ci_lo": 0.830232813159577,
      "ci_hi": 0.8349672969021344,
      "all": [
        0.8347650074005294,
        0.8357747008488672,
        0.8337570680118788,
        0.8275473301284921,
        0.8329174328113054
      ]
    },
    "tau_rel_window_limited": {
      "mean": 0.0,
      "se": 0.0,
      "ci_lo": 0.0,
      "ci_hi": 0.0,
      "all": [
        0.0,
        0.0,
        0.0,
        0.0,
        0.0
      ]
    },
    "tau_cage": {
      "mean": 24.489640294692347,
      "se": 0.05312930945503846,
      "ci_lo": 24.402134135197546,
      "ci_hi": 24.58085662902879,
      "all": [
        24.37683062272098,
        24.584190982649126,
        24.42184261245494,
        24.41758340904541,
        24.647753846591282
      ]
    },
    "tau_cage_window_limited": {
      "mean": 0.0,
      "se": 0.0,
      "ci_lo": 0.0,
      "ci_hi": 0.0,
      "all": [
        0.0,
        0.0,
        0.0,
        0.0,
        0.0
      ]
    }
  }
}