N,noise,n_seeds,phi_mean,phi_se,tau_rw,tau_rw_se,tau_rw_ci_lo,tau_rw_ci_hi,tau_rw_window_limited_frac,tau_rel,tau_rel_se,tau_rel_ci_lo,tau_rel_ci_hi,tau_rel_window_limited_frac,tau_cage,tau_cage_se,tau_cage_ci_lo,tau_cage_ci_hi,tau_cage_window_limited_frac,ell_nn2
2048,0.005,5,0.9136821483572325,0.0015936794226039512,1042.7524920626317,11.544596010400804,1023.0228203772049,1060.9106004790767,0.0,196.02810344926053,7.497321848966732,180.37676831123608,209.0099209803695,0.0,20.36498470873064,0.24544514115480887,19.919862472670108,20.835682267483584,0.0,0.14512018263339993
2048,0.02,5,0.8113928551475207,0.007333792266266377,502.2860412833255,6.940780523152825,488.67241220180756,514.1940456849421,0.0,75.00800103285425,2.6372494806661613,70.45846039587846,79.55754166983002,0.0,18.25154424361926,0.5312720092300552,17.428002810954744,19.255003254422267,0.0,0.1966360981265704
2048,0.05,5,0.6089997261762619,0.005191239441253365,287.4982618803298,1.6219049084341843,285.262509216807,290.71883268302344,0.0,32.62618249107168,0.9148886139333579,30.91839053031426,33.953265263430495,0.0,16.855493363612496,0.18701027609283385,16.48542120278769,17.1306954488603,0.0,0.2365690916776657
2048,0.0738,5,0.30293395053595307,0.006748847499069341,215.05204947734325,0.7634031372675404,213.71646748309044,216.64466953035566,0.0,20.036582336901553,0.41344750485221937,19.338638879735278,20.869603469837806,0.0,16.02900960802883,0.07941019923563962,15.882829758635618,16.159946191000927,0.0,0.2560037922114134
2048,0.1,5,0.10005665216594935,0.0023987884869164466,259.2284765855449,0.19164136622778907,258.82413964644354,259.4932187334333,0.0,4.725550960710106,0.0927276290718573,4.558367713244605,4.902112705707796,0.0,24.489640294692347,0.05312930945503846,24.402134135197546,24.58085662902879,0.0,0.3015624850988388
2048,0.15,5,0.042727069222989175,0.002417118596269888,407.25262459735734,1.162123565007204,405.2916571030184,409.28382235980257,0.0,1.1300641104946691,0.018066513284052333,1.0982653699368201,1.1634048907138963,0.0,61.82972129385195,0.353949959872544,61.08356572855422,62.46924211329154,0.0,0.33119142750898994
