{
  "noise": 0.02,
  "n_seeds": 5,
  "sim_cfg": {
    "N": 2048,
    "k": 7,
    "rho": 1.0,
    "v0": 0.05,
    "noise": 0.02,
    "dt": 1.0,
    "include_self_in_alignment": false,
    "dtype": "<class 'jax.numpy.float32'>",
    "L": 12.699208415745595
  },
  "exp_cfg": {
    "burnin_steps": 20000,
    "measure_steps": 50000,
    "max_lag": 8192,
    "dense_until": 128,
    "log_points": 48,
    "n_origins": 24,
    "nn_block": 1024,
    "eps": 1e-12
  },
  "scalars": {
    "phi_mean": {
      "mean": 0.8113928551475207,
      "se": 0.007333792266266377,
      "ci_lo": 0.7974380001425744,
      "ci_hi": 0.824217626452446,
      "all": [
        0.8320422743757566,
        0.8065483197569847,
        0.8184129893779755,
        0.8125511283675829,
        0.7874095638593038
      ]
    },
    "ell_nn2": {
      "mean": 0.1966360981265704,
      "se": 0.001584008539873697,
      "ci_lo": 0.19449726243813834,
      "ci_hi": 0.1997222328123947,
      "all": [
        0.20268470731874308,
        0.19476723298430443,
        0.19636509815851846,
        0.19577505812048912,
        0.19358839405079684
      ]
    },
    "tau_rw": {
      "mean": 502.2860412833255,
      "se": 6.940780523152825,
      "ci_lo": 488.67241220180756,
      "ci_hi": 514.1940456849421,
      "all": [
        520.3953458517956,
        503.39137964893695,
        501.42288889038036,
        508.36130197894386,
        477.85929004657123
      ]
    },
    "tau_rw_1e": {
      "mean": 433.72866808262086,
      "se": 5.68042495520608,
      "ci_lo": 423.493687780203,
      "ci_hi": 443.6575771309173,
      "all": [
        450.1282389184017,
        428.5345272337996,
        439.3686416655817,
        434.67950399551364,
        415.9324285998079
      ]
    },
    "tau_rw_window_limited": {
      "mean": 0.0,
      "se": 0.0,
      "ci_lo": 0.0,
      "ci_hi": 0.0,
      "all": [
        0.0,
        0.0,
        0.0,
        0.0,
        0.0
      ]
    },
    "tau_rel": {
      "mean": 75.00800103285425,
      "se": 2.6372494806661613,
      "ci_lo": 70.45846039587846,
      "ci_hi": 79.55754166983002,
      "all": [
        68.18046726723541,
        81.06056286725186,
        71.41016841005687,
        73.11103062480777,
        81.2777759949193
      ]
    },
    "tau_rel_1e": {
      "mean": 72.03741906980929,
      "se": 3.6153579461384333,
      "ci_lo": 65.27446610780905,
      "ci_hi": 78.06219538393825,
      "all": [
        60.74915631042709,
        79.67669072858158,
        77.66060438012714,
        66.46425722763676,
        75.63638670227382
      ]
    },
    "tau_rel_window_limited": {
      "mean": 0.0,
      "se": 0.0,
      "ci_lo": 0.0,
      "ci_hi": 0.0,
      "all": [
        0.0,
        0.0,
        0.0,
        0.0,
        0.0
      ]
    },
    "tau_cage": {
      "mean": 18.25154424361926,
      "se": 0.5312720092300552,
      "ci_lo": 17.428002810954744,
      "ci_hi": 19.255003254422267,
      "all": [
        20.01476309482724,
        17.665244975626756,
        18.565482012002846,
        18.206981697368352,
        16.805249438271115
      ]
    },
    "tau_cage_window_limited": {
      "mean": 0.0,
      "se": 0.0,
      "ci_lo": 0.0,
      "ci_hi": 0.0,
      "all": [
        0.0,
        0.0,
        0.0,
        0.0,
        0.0
      ]
    }
  }
}