{
  "noise": 0.0738,
  "n_seeds": 5,
  "sim_cfg": {
    "N": 2048,
    "k": 7,
    "rho": 1.0,
    "v0": 0.05,
    "noise": 0.0738,
    "dt": 1.0,
    "include_self_in_alignment": false,
    "dtype": "<class 'jax.numpy.float32'>",
    "L": 12.699208415745595
  },
  "exp_cfg": {
    "burnin_steps": 20000,
    "measure_steps": 50000,
    "max_lag": 8192,
    "dense_until": 128,
    "log_points": 48,
    "n_origins": 24,
    "nn_block": 1024,
    "eps": 1e-12
  },
  "scalars": {
    "phi_mean": {
      "mean": 0.30293395053595307,
      "se": 0.006748847499069341,
      "ci_lo": 0.29154376555234196,
      "ci_hi": 0.3143241355195642,
      "all": [
        0.3065270772203803,
        0.3198779880379637,
        0.31266881215075654,
        0.2931813650454084,
        0.28241451022525627
      ]
    },
    "ell_nn2": {
      "mean": 0.2560037922114134,
      "se": 0.000809612796204106,
      "ci_lo": 0.2545334433515867,
      "ci_hi": 0.2572675517449777,
      "all": [
        0.2571875626842181,
        0.2577957349518935,
        0.25576299118498963,
        0.25310349091887474,
        0.256169181317091
      ]
    },
    "tau_rw": {
      "mean": 215.05204947734325,
      "se": 0.7634031372675404,
      "ci_lo": 213.71646748309044,
      "ci_hi": 216.64466953035566,
      "all": [
        217.3965017991553,
        215.55493271916953,
        213.13676227353045,
        215.53567170794932,
        213.63637888691147
      ]
    },
    "tau_rw_1e": {
      "mean": 186.42936260437068,
      "se": 0.6369829764953243,
      "ci_lo": 185.20029994298517,
      "ci_hi": 187.3901063334847,
      "all": [
        187.5884168908431,
        186.85871631827197,
        184.09468902612733,
        187.4574907837327,
        186.1475000028783
      ]
    },
    "tau_rw_window_limited": {
      "mean": 0.0,
      "se": 0.0,
      "ci_lo": 0.0,
      "ci_hi": 0.0,
      "all": [
        0.0,
        0.0,
        0.0,
        0.0,
        0.0
      ]
    },
    "tau_rel": {
      "mean": 20.036582336901553,
      "se": 0.41344750485221937,
      "ci_lo": 19.338638879735278,
      "ci_hi": 20.869603469837806,
      "all": [
        20.247614257000695,
        19.090561625153384,
        20.356476605129235,
        19.17389526621554,
        21.31436393100891
      ]
    },
    "tau_rel_1e": {
      "mean": 8.041375438825616,
      "se": 0.12377001939892604,
      "ci_lo": 7.850286423941804,
      "ci_hi": 8.277073309240782,
      "all": [
        7.82331719662648,
        7.985496062312494,
        7.8098195526218435,
        8.486902483505084,
        8.101341899062179
      ]
    },
    "tau_rel_window_limited": {
      "mean": 0.0,
      "se": 0.0,
      "ci_lo": 0.0,
      "ci_hi": 0.0,
      "all": [
        0.0,
        0.0,
        0.0,
        0.0,
        0.0
      ]
    },
    "tau_cage": {
      "mean": 16.02900960802883,
      "se": 0.07941019923563962,
      "ci_lo": 15.882829758635618,
      "ci_hi": 16.159946191000927,
      "all": [
        16.09897564653914,
        16.2473652863996,
        16.10166679406848,
        15.809066416751008,
        15.88797389638592
      ]
    },
    "tau_cage_window_limited": {
      "mean": 0.0,
      "se": 0.0,
      "ci_lo": 0.0,
      "ci_hi": 0.0,
      "all": [
        0.0,
        0.0,
        0.0,
        0.0,
        0.0
      ]
    }
  }
}