{
  "N": 1024,
  "k": 4,
  "match_method": "count",
  "L": 10.079368399158984,
  "Rk": 0.620416470460007,
  "topological_preview_Dopt": 0.05,
  "metric_preview_Dopt": 0.005,
  "count_match_reference_D_initial": [
    0.05
  ],
  "count_match_reference_D_final": [
    0.01,
    0.05
  ],
  "length_match_reference_D": 0.05,
  "calibration": {
    "R": 0.620416470460007,
    "target_k": 4.0,
    "matched_mean_degree": 3.785003662109375,
    "match_method": "count",
    "reference_D_values": [
      0.01,
      0.05
    ],
    "calibration_mode": "count_dynamic",
    "manual_override_used": false
  },
  "D_grid": [
    0.005,
    0.00625,
    0.0075,
    0.00875,
    0.01,
    0.01125,
    0.0125,
    0.01375,
    0.015,
    0.01625,
    0.0175,
    0.01875,
    0.02,
    0.03,
    0.035,
    0.0375,
    0.04,
    0.0425,
    0.045,
    0.0475,
    0.05,
    0.0525,
    0.055,
    0.0575,
    0.06,
    0.0625,
    0.065,
    0.07,
    0.08,
    0.09,
    0.1,
    0.12,
    0.14,
    0.16,
    0.18,
    0.2
  ]
}