{
  "N": 1024,
  "k": 10,
  "match_method": "count",
  "L": 10.079368399158984,
  "Rk": 1.2163215467980262,
  "topological_preview_Dopt": 0.1,
  "metric_preview_Dopt": 0.1,
  "count_match_reference_D_initial": [
    0.1
  ],
  "count_match_reference_D_final": [
    0.1
  ],
  "length_match_reference_D": 0.1,
  "calibration": {
    "R": 1.2163215467980262,
    "target_k": 10.0,
    "matched_mean_degree": 10.005513509114584,
    "match_method": "count",
    "reference_D_values": [
      0.1
    ],
    "calibration_mode": "count_dynamic",
    "manual_override_used": false
  },
  "D_grid": [
    0.005,
    0.01,
    0.02,
    0.03,
    0.04,
    0.05,
    0.06,
    0.07,
    0.08,
    0.085,
    0.0875,
    0.09,
    0.0925,
    0.095,
    0.0975,
    0.1,
    0.1025,
    0.105,
    0.1075,
    0.11,
    0.1125,
    0.115,
    0.12,
    0.14,
    0.16,
    0.18,
    0.2
  ]
}