model,match_method,N,k,k_label,matched_R,matched_mean_degree_precalibration,realized_degree_mean,realized_degree_ci_low,realized_degree_ci_high,degree_gap,degree_gap_ci_low,degree_gap_ci_high,J_min,J_min_ci_low,J_min_ci_high,D_opt,D_opt_ci_low,D_opt_ci_high,D_c,D_c_ci_low,D_c_ci_high,Delta,Delta_ci_low,Delta_ci_high,sharpness,sharpness_ci_low,sharpness_ci_high,chi_peak,chi_peak_ci_low,chi_peak_ci_high,opt_on_boundary,opt_on_boundary_ci_low,opt_on_boundary_ci_high,critical_on_boundary,critical_on_boundary_ci_low,critical_on_boundary_ci_high
topological,count,1024,3,k=3,0.5445095274032776,3.0218912760416665,3.0,3.0,3.0,0.0,0.0,0.0,0.3061799452945486,0.14641584664478668,0.3332657225678721,0.013384619455889374,0.00886335945205522,0.016843604827244858,0.013154042696497639,0.008804499996160607,0.014894867040776248,0.00023057675939173496,2.1555895979937226e-05,0.007311130782409728,0.8079968913856992,0.13800172009526565,1.581734605840236,11.264701024367298,9.323019392443118,16.19534947929226,0.0,0.0,0.0,0.0,0.0,0.0
metric,count,1024,3,k=3,0.5445095274032776,3.0218912760416665,3.1050634075488364,3.060708590336144,3.141655594451087,0.10506340754883636,0.06070859033614395,0.1416555944510871,0.40964708777551095,0.28224838253313395,0.5150488677142562,0.02357617438855725,0.023147373188094563,0.030807237010222033,0.02411087929396966,0.02333291898416176,0.03149498520209297,0.0005347049054124087,2.5046036440180233e-05,0.007863310281320002,0.856982573257175,0.1312424005026951,1.96283626871956,6.708522512781997,5.597380335263055,10.582972160031726,0.0,0.0,0.0,0.0,0.0,0.0
