model,match_method,N,k,k_label,matched_R,matched_mean_degree_precalibration,realized_degree_mean,realized_degree_ci_low,realized_degree_ci_high,degree_gap,degree_gap_ci_low,degree_gap_ci_high,J_min,J_min_ci_low,J_min_ci_high,D_opt,D_opt_ci_low,D_opt_ci_high,D_c,D_c_ci_low,D_c_ci_high,Delta,Delta_ci_low,Delta_ci_high,sharpness,sharpness_ci_low,sharpness_ci_high,chi_peak,chi_peak_ci_low,chi_peak_ci_high,opt_on_boundary,opt_on_boundary_ci_low,opt_on_boundary_ci_high,critical_on_boundary,critical_on_boundary_ci_low,critical_on_boundary_ci_high
topological,count,1024,10,k=10,1.2163215467980262,10.005513509114584,10.0,10.0,10.0,0.0,0.0,0.0,0.5088159776799444,0.3901010043862243,0.5893562321646069,0.10085113734097408,0.0997404514142304,0.10453871547042294,0.10028035110897553,0.0984173357501837,0.10421739787966015,0.000570786231998549,1.957454184055921e-05,0.004549064907540337,0.1505369701385859,0.02053540848668081,0.5361661806175344,7.3090858435698465,6.0916027861494175,9.127078184314064,0.0,0.0,0.0,0.0,0.0,0.0
metric,count,1024,10,k=10,1.2163215467980262,10.005513509114584,10.044455336199867,9.96614460768523,10.12667429988031,0.04445533619986719,-0.03385539231476997,0.12667429988031031,0.7629126705825797,0.6368300106961812,0.8039231093242136,0.10432772820870496,0.10242764884534647,0.10635164604075466,0.10467228833974014,0.10067749702345694,0.10648134521007724,0.00034456013103517646,1.7618780507571226e-05,0.0033592014754264313,0.04770536306719129,0.01896319902510077,0.3420456167030412,4.549006371484893,4.246312305930141,5.2426463234482865,0.0,0.0,0.0,0.0,0.0,0.0
