model,match_method,N,k,k_label,matched_R,matched_mean_degree_precalibration,realized_degree_mean,realized_degree_ci_low,realized_degree_ci_high,degree_gap,degree_gap_ci_low,degree_gap_ci_high,J_min,J_min_ci_low,J_min_ci_high,D_opt,D_opt_ci_low,D_opt_ci_high,D_c,D_c_ci_low,D_c_ci_high,Delta,Delta_ci_low,Delta_ci_high,sharpness,sharpness_ci_low,sharpness_ci_high,chi_peak,chi_peak_ci_low,chi_peak_ci_high,opt_on_boundary,opt_on_boundary_ci_low,opt_on_boundary_ci_high,critical_on_boundary,critical_on_boundary_ci_low,critical_on_boundary_ci_high
topological,count,1024,5,k=5,0.8024114967626073,4.98095703125,5.0,5.0,5.0,0.0,0.0,0.0,0.16881152025050383,0.09105701802021016,0.2415713790431963,0.04757124502248606,0.046365584452074365,0.04929678517809357,0.04767925199513429,0.047198918745932385,0.04861492810857952,0.00010800697264823356,1.384796600243689e-05,0.0010118184852926614,1.6462564677614677,0.4311933597572259,3.3312189977473188,15.639189661105604,12.230971982926926,19.10057222806624,0.0,0.0,0.0,0.0,0.0,0.0
metric,count,1024,5,k=5,0.8024114967626073,4.98095703125,5.69973374158144,5.675431709322664,5.72279831626349,0.69973374158144,0.6754317093226643,0.7227983162634901,0.4581773769262725,0.32824669197240225,0.49775105484150434,0.06626335877232604,0.06016001568125131,0.06715665360087264,0.0645012325816442,0.05375758173907449,0.06705198418998262,0.001762126190681848,3.5964141245626445e-05,0.00957657031410412,0.07075692642900809,0.05111483536476809,0.8326072275548462,6.891429257395089,6.229608092294685,10.55084354046397,0.0,0.0,0.0,0.0,0.0,0.0
