model,match_method,N,k,k_label,matched_R,matched_mean_degree_precalibration,realized_degree_mean,realized_degree_ci_low,realized_degree_ci_high,degree_gap,degree_gap_ci_low,degree_gap_ci_high,J_min,J_min_ci_low,J_min_ci_high,D_opt,D_opt_ci_low,D_opt_ci_high,D_c,D_c_ci_low,D_c_ci_high,Delta,Delta_ci_low,Delta_ci_high,sharpness,sharpness_ci_low,sharpness_ci_high,chi_peak,chi_peak_ci_low,chi_peak_ci_high,opt_on_boundary,opt_on_boundary_ci_low,opt_on_boundary_ci_high,critical_on_boundary,critical_on_boundary_ci_low,critical_on_boundary_ci_high
topological,count,1024,7,k=7,1.0167454784646184,6.931233723958333,7.0,7.0,7.0,0.0,0.0,0.0,0.37417879855627234,0.2877002525255641,0.4003350017394197,0.077540005669641,0.06947913814128724,0.08390362960661348,0.0770152601483354,0.0691972678935146,0.08465595079538776,0.0005247455213056029,2.4785760316523713e-05,0.01339666933859246,0.3856939155888993,0.051606791511608886,0.6407236156068526,9.241952248906045,8.425851121247309,11.570188907392117,0.0,0.0,0.0,0.0,0.0,0.0
metric,count,1024,7,k=7,1.0167454784646184,6.931233723958333,7.337056540525877,7.267615655179207,7.388680197241214,0.33705654052587697,0.26761565517920705,0.3886801972412144,0.6664753565490145,0.49077243424586997,0.7146099797485573,0.08928717905829338,0.08734272393744826,0.09423795544111482,0.08977655609082537,0.0875809393398218,0.09393880703723052,0.0004893770325319902,8.501744645339482e-06,0.004900629655579941,0.02714466350386068,0.018101313268861004,0.41414825933303984,5.262239143075362,4.610437430816956,6.890368839010864,0.0,0.0,0.0,0.0,0.0,0.0
