model,match_method,N,k,k_label,matched_R,matched_mean_degree_precalibration,realized_degree_mean,realized_degree_ci_low,realized_degree_ci_high,degree_gap,degree_gap_ci_low,degree_gap_ci_high,J_min,J_min_ci_low,J_min_ci_high,D_opt,D_opt_ci_low,D_opt_ci_high,D_c,D_c_ci_low,D_c_ci_high,Delta,Delta_ci_low,Delta_ci_high,sharpness,sharpness_ci_low,sharpness_ci_high,chi_peak,chi_peak_ci_low,chi_peak_ci_high,opt_on_boundary,opt_on_boundary_ci_low,opt_on_boundary_ci_high,critical_on_boundary,critical_on_boundary_ci_low,critical_on_boundary_ci_high
topological,count,1024,4,k=4,0.620416470460007,3.785003662109375,4.0,4.0,4.0,0.0,0.0,0.0,0.3261897199858197,-0.2687524338115349,0.3560518488551358,0.03679474971133237,0.01843252190768904,0.04514098260081497,0.027363065865282553,0.014967686322401324,0.04507920196441478,0.009431683846049817,4.68846085383591e-05,0.022088106032352808,0.29192494359701554,0.050077948898355464,2.257620041713553,8.764395647407559,8.500192306858253,22.145208182673958,0.0,0.0,0.0,0.0,0.0,0.0
metric,count,1024,4,k=4,0.620416470460007,3.785003662109375,3.959641363057825,3.9309775353926755,3.986603377035095,-0.0403586369421749,-0.06902246460732453,-0.01339662296490518,0.3942942125689015,0.27173962446033684,0.46061890997830995,0.0418134952105142,0.03797070451021767,0.042988087875622166,0.041834601347225414,0.03773481272948093,0.0443663455137527,2.1106136711211698e-05,2.1100217640637915e-05,0.0038105440395817224,0.1856475619155884,0.0482981678704075,0.8020630261769951,6.887652783256556,5.952730752838512,9.237642313304569,0.0,0.0,0.0,0.0,0.0,0.0
