{
  "noise": 0.1,
  "n_seeds": 5,
  "sim_cfg": {
    "N": 1024,
    "k": 3,
    "rho": 1.0,
    "v0": 0.05,
    "noise": 0.1,
    "dt": 1.0,
    "include_self_in_alignment": false,
    "dtype": "<class 'jax.numpy.float32'>",
    "L": 10.079368399158984
  },
  "exp_cfg": {
    "burnin_steps": 20000,
    "measure_steps": 50000,
    "max_lag": 8192,
    "dense_until": 128,
    "log_points": 48,
    "n_origins": 24,
    "lifetime_every": 1,
    "frustration_threshold": 0.5,
    "frustration_phi_threshold": 0.8,
    "cluster_overlap_threshold": 0.3,
    "nn_block": 1024,
    "eps": 1e-12
  },
  "scalars": {
    "phi_mean": {
      "mean": 0.06419504339961955,
      "se": 0.0016168426181053593,
      "ci_lo": 0.06155127300104748,
      "ci_hi": 0.06704016199025016,
      "all": [
        0.06647649842003982,
        0.06892660904365282,
        0.06384916440583766,
        0.0619444844002525,
        0.05977846072831502
      ]
    },
    "ell_nn2": {
      "mean": 0.28126879334449767,
      "se": 0.0007807845181110499,
      "ci_lo": 0.27976213370760283,
      "ci_hi": 0.2824357609202464,
      "all": [
        0.2806197094420592,
        0.2824178362886111,
        0.28251737728714943,
        0.27847577010591823,
        0.2823132735987504
      ]
    },
    "tau_rw": {
      "mean": 184.654178658178,
      "se": 0.5607445704504763,
      "ci_lo": 183.71444460827206,
      "ci_hi": 185.62478211969082,
      "all": [
        186.14548197812178,
        183.47322382915038,
        185.4946071550831,
        183.2720728441189,
        184.88550748441605
      ]
    },
    "tau_rw_1e": {
      "mean": 146.19381410405444,
      "se": 0.5308963721010895,
      "ci_lo": 145.25126661265205,
      "ci_hi": 147.08991020639579,
      "all": [
        147.40468844565189,
        144.65330697482838,
        147.37900541208438,
        145.8821633165064,
        145.64990637120118
      ]
    },
    "tau_rw_window_limited": {
      "mean": 0.0,
      "se": 0.0,
      "ci_lo": 0.0,
      "ci_hi": 0.0,
      "all": [
        0.0,
        0.0,
        0.0,
        0.0,
        0.0
      ]
    },
    "tau_rel": {
      "mean": 2.9848073725386333,
      "se": 0.03361866878020018,
      "ci_lo": 2.921777133167022,
      "ci_hi": 3.044384779777704,
      "all": [
        2.921699036120742,
        2.904434875458043,
        3.054203554171284,
        2.9738820033402384,
        3.0698173936028574
      ]
    },
    "tau_rel_1e": {
      "mean": 0.8326648499462213,
      "se": 0.002285892116581608,
      "ci_lo": 0.828704919317682,
      "ci_hi": 0.8366244603753558,
      "all": [
        0.8294049391304883,
        0.8330315169594235,
        0.837549566228637,
        0.8374958262300406,
        0.8258424011825167
      ]
    },
    "tau_rel_window_limited": {
      "mean": 0.0,
      "se": 0.0,
      "ci_lo": 0.0,
      "ci_hi": 0.0,
      "all": [
        0.0,
        0.0,
        0.0,
        0.0,
        0.0
      ]
    },
    "tau_cage": {
      "mean": 25.122323016103746,
      "se": 0.15554033587168947,
      "ci_lo": 24.84476277585977,
      "ci_hi": 25.391158835344857,
      "all": [
        25.242956505985816,
        25.574592874948166,
        25.176688282882314,
        24.989059045893967,
        24.62831837080848
      ]
    },
    "tau_cage_window_limited": {
      "mean": 0.0,
      "se": 0.0,
      "ci_lo": 0.0,
      "ci_hi": 0.0,
      "all": [
        0.0,
        0.0,
        0.0,
        0.0,
        0.0
      ]
    },
    "fr_n_tracks": {
      "mean": 0.0,
      "se": 0.0,
      "ci_lo": 0.0,
      "ci_hi": 0.0,
      "all": [
        0.0,
        0.0,
        0.0,
        0.0,
        0.0
      ]
    },
    "fr_mean_lifetime": {
      "mean": 0.0,
      "se": 0.0,
      "ci_lo": 0.0,
      "ci_hi": 0.0,
      "all": [
        0.0,
        0.0,
        0.0,
        0.0,
        0.0
      ]
    },
    "fr_median_lifetime": {
      "mean": 0.0,
      "se": 0.0,
      "ci_lo": 0.0,
      "ci_hi": 0.0,
      "all": [
        0.0,
        0.0,
        0.0,
        0.0,
        0.0
      ]
    },
    "fr_p90_lifetime": {
      "mean": 0.0,
      "se": 0.0,
      "ci_lo": 0.0,
      "ci_hi": 0.0,
      "all": [
        0.0,
        0.0,
        0.0,
        0.0,
        0.0
      ]
    },
    "fr_max_lifetime": {
      "mean": 0.0,
      "se": 0.0,
      "ci_lo": 0.0,
      "ci_hi": 0.0,
      "all": [
        0.0,
        0.0,
        0.0,
        0.0,
        0.0
      ]
    },
    "fr_tail_frac_ge_100": {
      "mean": 0.0,
      "se": 0.0,
      "ci_lo": 0.0,
      "ci_hi": 0.0,
      "all": [
        0.0,
        0.0,
        0.0,
        0.0,
        0.0
      ]
    },
    "fr_censored_frac": {
      "mean": 0.0,
      "se": 0.0,
      "ci_lo": 0.0,
      "ci_hi": 0.0,
      "all": [
        0.0,
        0.0,
        0.0,
        0.0,
        0.0
      ]
    },
    "fr_frames_with_clusters_frac": {
      "mean": 0.0,
      "se": 0.0,
      "ci_lo": 0.0,
      "ci_hi": 0.0,
      "all": [
        0.0,
        0.0,
        0.0,
        0.0,
        0.0
      ]
    }
  },
  "hysteresis": {
    "enabled": true,
    "D": [
      0.005,
      0.02,
      0.05,
      0.0738,
      0.1,
      0.15
    ],
    "phi_down": [
      0.4623918334643046,
      0.1930918941895167,
      0.12704830865065256,
      0.0865393728017807,
      0.06480063249667485,
      0.048504951099554695
    ],
    "phi_up": [
      0.5117978851000468,
      0.192145437002182,
      0.12396126985549927,
      0.08947994063297908,
      0.0660402278105418,
      0.0473981611430645
    ],
    "r1_down": [
      0.023024242992202442,
      0.036628098537524544,
      0.05026262874404589,
      0.057843575874964394,
      0.06298526128133138,
      0.06664219001928966
    ],
    "r1_up": [
      0.022544534876942635,
      0.036265081415573754,
      0.050521651903788246,
      0.05809605245788892,
      0.06262774517138799,
      0.06629061202208202
    ],
    "AH_phi": 0.0006232945437232648,
    "AH_r1": 4.745614739755812e-05
  }
}