{
  "noise": 0.02,
  "n_seeds": 5,
  "sim_cfg": {
    "N": 1024,
    "k": 3,
    "rho": 1.0,
    "v0": 0.05,
    "noise": 0.02,
    "dt": 1.0,
    "include_self_in_alignment": false,
    "dtype": "<class 'jax.numpy.float32'>",
    "L": 10.079368399158984
  },
  "exp_cfg": {
    "burnin_steps": 20000,
    "measure_steps": 50000,
    "max_lag": 8192,
    "dense_until": 128,
    "log_points": 48,
    "n_origins": 24,
    "lifetime_every": 1,
    "frustration_threshold": 0.5,
    "frustration_phi_threshold": 0.8,
    "cluster_overlap_threshold": 0.3,
    "nn_block": 1024,
    "eps": 1e-12
  },
  "scalars": {
    "phi_mean": {
      "mean": 0.195851745052884,
      "se": 0.007104232102840464,
      "ci_lo": 0.1846621316236754,
      "ci_hi": 0.21049366624404983,
      "all": [
        0.2219475330784917,
        0.1951808144027988,
        0.19196326844394207,
        0.19144491758197546,
        0.17872219175721207
      ]
    },
    "ell_nn2": {
      "mean": 0.11718689575791359,
      "se": 0.0008870070863852187,
      "ci_lo": 0.11564281675964594,
      "ci_hi": 0.11871064777175584,
      "all": [
        0.11859423139443,
        0.11472673093279202,
        0.11543965960542361,
        0.11919091921299696,
        0.11798293764392535
      ]
    },
    "tau_rw": {
      "mean": 206.10743806654335,
      "se": 1.1357087687845044,
      "ci_lo": 204.23774142947917,
      "ci_hi": 207.9771347036076,
      "all": [
        205.20767885731502,
        202.58507456040144,
        205.603200311963,
        208.26133898375087,
        208.87989761928657
      ]
    },
    "tau_rw_1e": {
      "mean": 181.45988439304057,
      "se": 1.250375653746577,
      "ci_lo": 178.96772141418745,
      "ci_hi": 183.04148926561967,
      "all": [
        182.47993808679863,
        176.62624363244666,
        181.8294861253076,
        182.5505807605725,
        183.81317336007737
      ]
    },
    "tau_rw_window_limited": {
      "mean": 0.0,
      "se": 0.0,
      "ci_lo": 0.0,
      "ci_hi": 0.0,
      "all": [
        0.0,
        0.0,
        0.0,
        0.0,
        0.0
      ]
    },
    "tau_rel": {
      "mean": 61.272886473391644,
      "se": 0.8650007103801357,
      "ci_lo": 59.644708419288804,
      "ci_hi": 62.89112435743279,
      "all": [
        58.54259109967725,
        60.8952497752818,
        61.27278813995148,
        61.70051902213049,
        63.953284329917224
      ]
    },
    "tau_rel_1e": {
      "mean": 62.78272112625048,
      "se": 1.0133047434998568,
      "ci_lo": 61.11358999662629,
      "ci_hi": 64.48350300318955,
      "all": [
        60.076658277392205,
        61.942066085037645,
        65.2613168735626,
        61.61496351028708,
        65.01860088497286
      ]
    },
    "tau_rel_window_limited": {
      "mean": 0.0,
      "se": 0.0,
      "ci_lo": 0.0,
      "ci_hi": 0.0,
      "all": [
        0.0,
        0.0,
        0.0,
        0.0,
        0.0
      ]
    },
    "tau_cage": {
      "mean": 7.448724546250624,
      "se": 0.03221910259798479,
      "ci_lo": 7.389751962892281,
      "ci_hi": 7.504861966286038,
      "all": [
        7.539519354440862,
        7.367950743603366,
        7.389791269091632,
        7.4989097584312026,
        7.447451605686056
      ]
    },
    "tau_cage_window_limited": {
      "mean": 0.0,
      "se": 0.0,
      "ci_lo": 0.0,
      "ci_hi": 0.0,
      "all": [
        0.0,
        0.0,
        0.0,
        0.0,
        0.0
      ]
    },
    "fr_n_tracks": {
      "mean": 0.0,
      "se": 0.0,
      "ci_lo": 0.0,
      "ci_hi": 0.0,
      "all": [
        0.0,
        0.0,
        0.0,
        0.0,
        0.0
      ]
    },
    "fr_mean_lifetime": {
      "mean": 0.0,
      "se": 0.0,
      "ci_lo": 0.0,
      "ci_hi": 0.0,
      "all": [
        0.0,
        0.0,
        0.0,
        0.0,
        0.0
      ]
    },
    "fr_median_lifetime": {
      "mean": 0.0,
      "se": 0.0,
      "ci_lo": 0.0,
      "ci_hi": 0.0,
      "all": [
        0.0,
        0.0,
        0.0,
        0.0,
        0.0
      ]
    },
    "fr_p90_lifetime": {
      "mean": 0.0,
      "se": 0.0,
      "ci_lo": 0.0,
      "ci_hi": 0.0,
      "all": [
        0.0,
        0.0,
        0.0,
        0.0,
        0.0
      ]
    },
    "fr_max_lifetime": {
      "mean": 0.0,
      "se": 0.0,
      "ci_lo": 0.0,
      "ci_hi": 0.0,
      "all": [
        0.0,
        0.0,
        0.0,
        0.0,
        0.0
      ]
    },
    "fr_tail_frac_ge_100": {
      "mean": 0.0,
      "se": 0.0,
      "ci_lo": 0.0,
      "ci_hi": 0.0,
      "all": [
        0.0,
        0.0,
        0.0,
        0.0,
        0.0
      ]
    },
    "fr_censored_frac": {
      "mean": 0.0,
      "se": 0.0,
      "ci_lo": 0.0,
      "ci_hi": 0.0,
      "all": [
        0.0,
        0.0,
        0.0,
        0.0,
        0.0
      ]
    },
    "fr_frames_with_clusters_frac": {
      "mean": 0.0,
      "se": 0.0,
      "ci_lo": 0.0,
      "ci_hi": 0.0,
      "all": [
        0.0,
        0.0,
        0.0,
        0.0,
        0.0
      ]
    }
  },
  "hysteresis": {
    "enabled": true,
    "D": [
      0.005,
      0.02,
      0.05,
      0.0738,
      0.1,
      0.15
    ],
    "phi_down": [
      0.4623918334643046,
      0.1930918941895167,
      0.12704830865065256,
      0.0865393728017807,
      0.06480063249667485,
      0.048504951099554695
    ],
    "phi_up": [
      0.5117978851000468,
      0.192145437002182,
      0.12396126985549927,
      0.08947994063297908,
      0.0660402278105418,
      0.0473981611430645
    ],
    "r1_down": [
      0.023024242992202442,
      0.036628098537524544,
      0.05026262874404589,
      0.057843575874964394,
      0.06298526128133138,
      0.06664219001928966
    ],
    "r1_up": [
      0.022544534876942635,
      0.036265081415573754,
      0.050521651903788246,
      0.05809605245788892,
      0.06262774517138799,
      0.06629061202208202
    ],
    "AH_phi": 0.0006232945437232648,
    "AH_r1": 4.745614739755812e-05
  }
}