{
  "noise": 0.15,
  "n_seeds": 5,
  "sim_cfg": {
    "N": 1024,
    "k": 3,
    "rho": 1.0,
    "v0": 0.05,
    "noise": 0.15,
    "dt": 1.0,
    "include_self_in_alignment": false,
    "dtype": "<class 'jax.numpy.float32'>",
    "L": 10.079368399158984
  },
  "exp_cfg": {
    "burnin_steps": 20000,
    "measure_steps": 50000,
    "max_lag": 8192,
    "dense_until": 128,
    "log_points": 48,
    "n_origins": 24,
    "lifetime_every": 1,
    "frustration_threshold": 0.5,
    "frustration_phi_threshold": 0.8,
    "cluster_overlap_threshold": 0.3,
    "nn_block": 1024,
    "eps": 1e-12
  },
  "scalars": {
    "phi_mean": {
      "mean": 0.04719617140945047,
      "se": 0.0020758714045439838,
      "ci_lo": 0.043734996314742605,
      "ci_hi": 0.05063330329857611,
      "all": [
        0.04727654733384649,
        0.052587989795332156,
        0.04071611468680203,
        0.05040266135862718,
        0.044997543872644506
      ]
    },
    "ell_nn2": {
      "mean": 0.3133081970115502,
      "se": 0.0006137872897421975,
      "ci_lo": 0.312237265954415,
      "ci_hi": 0.31438771560788153,
      "all": [
        0.31208260481556255,
        0.31490278616547585,
        0.3146170787513256,
        0.3128988482058048,
        0.3120396671195825
      ]
    },
    "tau_rw": {
      "mean": 237.08614993290092,
      "se": 0.727958781024537,
      "ci_lo": 236.1541543955918,
      "ci_hi": 238.53606700820745,
      "all": [
        236.46008778345745,
        235.95787754402508,
        236.1189444409667,
        236.98154443178873,
        239.91229546426666
      ]
    },
    "tau_rw_1e": {
      "mean": 168.3075023571329,
      "se": 0.8777027684640597,
      "ci_lo": 166.88009226265825,
      "ci_hi": 169.96752888441273,
      "all": [
        168.00370046414176,
        167.4452089035373,
        166.1647808382817,
        168.4609098949088,
        171.46291168479488
      ]
    },
    "tau_rw_window_limited": {
      "mean": 0.0,
      "se": 0.0,
      "ci_lo": 0.0,
      "ci_hi": 0.0,
      "all": [
        0.0,
        0.0,
        0.0,
        0.0,
        0.0
      ]
    },
    "tau_rel": {
      "mean": 1.3537881467493993,
      "se": 0.012410259659023643,
      "ci_lo": 1.3322576452832813,
      "ci_hi": 1.3746414222730141,
      "all": [
        1.3584515683954248,
        1.380314913661111,
        1.3155569873629733,
        1.336470387891308,
        1.3781468764361786
      ]
    },
    "tau_rel_1e": {
      "mean": 0.7121274539259008,
      "se": 0.0014803484804230588,
      "ci_lo": 0.7095499950642407,
      "ci_hi": 0.7145933693877329,
      "all": [
        0.7167500127379012,
        0.7117697569813427,
        0.7109259567375226,
        0.7134415525269124,
        0.7077499906458256
      ]
    },
    "tau_rel_window_limited": {
      "mean": 0.0,
      "se": 0.0,
      "ci_lo": 0.0,
      "ci_hi": 0.0,
      "all": [
        0.0,
        0.0,
        0.0,
        0.0,
        0.0
      ]
    },
    "tau_cage": {
      "mean": 49.20389541791701,
      "se": 0.1754028773738192,
      "ci_lo": 48.907147900009555,
      "ci_hi": 49.524418255717265,
      "all": [
        48.92448473263983,
        49.471700555102785,
        49.603494806638984,
        49.34944538951765,
        48.67035160568579
      ]
    },
    "tau_cage_window_limited": {
      "mean": 0.0,
      "se": 0.0,
      "ci_lo": 0.0,
      "ci_hi": 0.0,
      "all": [
        0.0,
        0.0,
        0.0,
        0.0,
        0.0
      ]
    },
    "fr_n_tracks": {
      "mean": 0.0,
      "se": 0.0,
      "ci_lo": 0.0,
      "ci_hi": 0.0,
      "all": [
        0.0,
        0.0,
        0.0,
        0.0,
        0.0
      ]
    },
    "fr_mean_lifetime": {
      "mean": 0.0,
      "se": 0.0,
      "ci_lo": 0.0,
      "ci_hi": 0.0,
      "all": [
        0.0,
        0.0,
        0.0,
        0.0,
        0.0
      ]
    },
    "fr_median_lifetime": {
      "mean": 0.0,
      "se": 0.0,
      "ci_lo": 0.0,
      "ci_hi": 0.0,
      "all": [
        0.0,
        0.0,
        0.0,
        0.0,
        0.0
      ]
    },
    "fr_p90_lifetime": {
      "mean": 0.0,
      "se": 0.0,
      "ci_lo": 0.0,
      "ci_hi": 0.0,
      "all": [
        0.0,
        0.0,
        0.0,
        0.0,
        0.0
      ]
    },
    "fr_max_lifetime": {
      "mean": 0.0,
      "se": 0.0,
      "ci_lo": 0.0,
      "ci_hi": 0.0,
      "all": [
        0.0,
        0.0,
        0.0,
        0.0,
        0.0
      ]
    },
    "fr_tail_frac_ge_100": {
      "mean": 0.0,
      "se": 0.0,
      "ci_lo": 0.0,
      "ci_hi": 0.0,
      "all": [
        0.0,
        0.0,
        0.0,
        0.0,
        0.0
      ]
    },
    "fr_censored_frac": {
      "mean": 0.0,
      "se": 0.0,
      "ci_lo": 0.0,
      "ci_hi": 0.0,
      "all": [
        0.0,
        0.0,
        0.0,
        0.0,
        0.0
      ]
    },
    "fr_frames_with_clusters_frac": {
      "mean": 0.0,
      "se": 0.0,
      "ci_lo": 0.0,
      "ci_hi": 0.0,
      "all": [
        0.0,
        0.0,
        0.0,
        0.0,
        0.0
      ]
    }
  },
  "hysteresis": {
    "enabled": true,
    "D": [
      0.005,
      0.02,
      0.05,
      0.0738,
      0.1,
      0.15
    ],
    "phi_down": [
      0.4623918334643046,
      0.1930918941895167,
      0.12704830865065256,
      0.0865393728017807,
      0.06480063249667485,
      0.048504951099554695
    ],
    "phi_up": [
      0.5117978851000468,
      0.192145437002182,
      0.12396126985549927,
      0.08947994063297908,
      0.0660402278105418,
      0.0473981611430645
    ],
    "r1_down": [
      0.023024242992202442,
      0.036628098537524544,
      0.05026262874404589,
      0.057843575874964394,
      0.06298526128133138,
      0.06664219001928966
    ],
    "r1_up": [
      0.022544534876942635,
      0.036265081415573754,
      0.050521651903788246,
      0.05809605245788892,
      0.06262774517138799,
      0.06629061202208202
    ],
    "AH_phi": 0.0006232945437232648,
    "AH_r1": 4.745614739755812e-05
  }
}