{
  "noise": 0.05,
  "n_seeds": 5,
  "sim_cfg": {
    "N": 1024,
    "k": 3,
    "rho": 1.0,
    "v0": 0.05,
    "noise": 0.05,
    "dt": 1.0,
    "include_self_in_alignment": false,
    "dtype": "<class 'jax.numpy.float32'>",
    "L": 10.079368399158984
  },
  "exp_cfg": {
    "burnin_steps": 20000,
    "measure_steps": 50000,
    "max_lag": 8192,
    "dense_until": 128,
    "log_points": 48,
    "n_origins": 24,
    "lifetime_every": 1,
    "frustration_threshold": 0.5,
    "frustration_phi_threshold": 0.8,
    "cluster_overlap_threshold": 0.3,
    "nn_block": 1024,
    "eps": 1e-12
  },
  "scalars": {
    "phi_mean": {
      "mean": 0.12731347270309926,
      "se": 0.002449800920852022,
      "ci_lo": 0.12407243568450213,
      "ci_hi": 0.1322098875728746,
      "all": [
        0.1272915449614326,
        0.12343520810827613,
        0.1246410021558404,
        0.13677422826488814,
        0.12442538002505898
      ]
    },
    "ell_nn2": {
      "mean": 0.18682560063898562,
      "se": 0.0006092114148869803,
      "ci_lo": 0.18590492382645607,
      "ci_hi": 0.18791405416093768,
      "all": [
        0.18895310101409754,
        0.1861950016270081,
        0.18715852374831835,
        0.18650813773274422,
        0.18531323907275996
      ]
    },
    "tau_rw": {
      "mean": 150.2908708629575,
      "se": 0.3372841111846028,
      "ci_lo": 149.7074665629459,
      "ci_hi": 150.87535147743708,
      "all": [
        151.19884959817344,
        150.2201255221922,
        149.36736333051977,
        150.87677554815315,
        149.7912403157489
      ]
    },
    "tau_rw_1e": {
      "mean": 132.5694123394542,
      "se": 0.5041888943196553,
      "ci_lo": 131.75200891554715,
      "ci_hi": 133.44188808869944,
      "all": [
        133.28689849757,
        134.06184645321716,
        131.14637184518398,
        132.23658891523203,
        132.11535598606784
      ]
    },
    "tau_rw_window_limited": {
      "mean": 0.0,
      "se": 0.0,
      "ci_lo": 0.0,
      "ci_hi": 0.0,
      "all": [
        0.0,
        0.0,
        0.0,
        0.0,
        0.0
      ]
    },
    "tau_rel": {
      "mean": 19.193296473084157,
      "se": 0.14626742455422462,
      "ci_lo": 18.935412070008073,
      "ci_hi": 19.444895050176996,
      "all": [
        18.94849586876388,
        19.29171639914876,
        19.51748695951174,
        19.44889246635637,
        18.759890671640036
      ]
    },
    "tau_rel_1e": {
      "mean": 17.27948941552395,
      "se": 0.08006595480184985,
      "ci_lo": 17.150269569641974,
      "ci_hi": 17.408709261405924,
      "all": [
        17.200085709771297,
        17.388334855029502,
        17.527342431688442,
        17.069492347536773,
        17.21219173359374
      ]
    },
    "tau_rel_window_limited": {
      "mean": 0.0,
      "se": 0.0,
      "ci_lo": 0.0,
      "ci_hi": 0.0,
      "all": [
        0.0,
        0.0,
        0.0,
        0.0,
        0.0
      ]
    },
    "tau_cage": {
      "mean": 10.96506318238875,
      "se": 0.015436063166698714,
      "ci_lo": 10.93783346531977,
      "ci_hi": 10.994127761388773,
      "all": [
        10.994690192043977,
        10.937859664130698,
        11.003864501699185,
        10.964355109802334,
        10.924546444267559
      ]
    },
    "tau_cage_window_limited": {
      "mean": 0.0,
      "se": 0.0,
      "ci_lo": 0.0,
      "ci_hi": 0.0,
      "all": [
        0.0,
        0.0,
        0.0,
        0.0,
        0.0
      ]
    },
    "fr_n_tracks": {
      "mean": 0.0,
      "se": 0.0,
      "ci_lo": 0.0,
      "ci_hi": 0.0,
      "all": [
        0.0,
        0.0,
        0.0,
        0.0,
        0.0
      ]
    },
    "fr_mean_lifetime": {
      "mean": 0.0,
      "se": 0.0,
      "ci_lo": 0.0,
      "ci_hi": 0.0,
      "all": [
        0.0,
        0.0,
        0.0,
        0.0,
        0.0
      ]
    },
    "fr_median_lifetime": {
      "mean": 0.0,
      "se": 0.0,
      "ci_lo": 0.0,
      "ci_hi": 0.0,
      "all": [
        0.0,
        0.0,
        0.0,
        0.0,
        0.0
      ]
    },
    "fr_p90_lifetime": {
      "mean": 0.0,
      "se": 0.0,
      "ci_lo": 0.0,
      "ci_hi": 0.0,
      "all": [
        0.0,
        0.0,
        0.0,
        0.0,
        0.0
      ]
    },
    "fr_max_lifetime": {
      "mean": 0.0,
      "se": 0.0,
      "ci_lo": 0.0,
      "ci_hi": 0.0,
      "all": [
        0.0,
        0.0,
        0.0,
        0.0,
        0.0
      ]
    },
    "fr_tail_frac_ge_100": {
      "mean": 0.0,
      "se": 0.0,
      "ci_lo": 0.0,
      "ci_hi": 0.0,
      "all": [
        0.0,
        0.0,
        0.0,
        0.0,
        0.0
      ]
    },
    "fr_censored_frac": {
      "mean": 0.0,
      "se": 0.0,
      "ci_lo": 0.0,
      "ci_hi": 0.0,
      "all": [
        0.0,
        0.0,
        0.0,
        0.0,
        0.0
      ]
    },
    "fr_frames_with_clusters_frac": {
      "mean": 0.0,
      "se": 0.0,
      "ci_lo": 0.0,
      "ci_hi": 0.0,
      "all": [
        0.0,
        0.0,
        0.0,
        0.0,
        0.0
      ]
    }
  },
  "hysteresis": {
    "enabled": true,
    "D": [
      0.005,
      0.02,
      0.05,
      0.0738,
      0.1,
      0.15
    ],
    "phi_down": [
      0.4623918334643046,
      0.1930918941895167,
      0.12704830865065256,
      0.0865393728017807,
      0.06480063249667485,
      0.048504951099554695
    ],
    "phi_up": [
      0.5117978851000468,
      0.192145437002182,
      0.12396126985549927,
      0.08947994063297908,
      0.0660402278105418,
      0.0473981611430645
    ],
    "r1_down": [
      0.023024242992202442,
      0.036628098537524544,
      0.05026262874404589,
      0.057843575874964394,
      0.06298526128133138,
      0.06664219001928966
    ],
    "r1_up": [
      0.022544534876942635,
      0.036265081415573754,
      0.050521651903788246,
      0.05809605245788892,
      0.06262774517138799,
      0.06629061202208202
    ],
    "AH_phi": 0.0006232945437232648,
    "AH_r1": 4.745614739755812e-05
  }
}