{
  "noise": 0.0738,
  "n_seeds": 5,
  "sim_cfg": {
    "N": 1024,
    "k": 3,
    "rho": 1.0,
    "v0": 0.05,
    "noise": 0.0738,
    "dt": 1.0,
    "include_self_in_alignment": false,
    "dtype": "<class 'jax.numpy.float32'>",
    "L": 10.079368399158984
  },
  "exp_cfg": {
    "burnin_steps": 20000,
    "measure_steps": 50000,
    "max_lag": 8192,
    "dense_until": 128,
    "log_points": 48,
    "n_origins": 24,
    "lifetime_every": 1,
    "frustration_threshold": 0.5,
    "frustration_phi_threshold": 0.8,
    "cluster_overlap_threshold": 0.3,
    "nn_block": 1024,
    "eps": 1e-12
  },
  "scalars": {
    "phi_mean": {
      "mean": 0.08876587720587849,
      "se": 0.0025850768470299726,
      "ci_lo": 0.08442847313281769,
      "ci_hi": 0.09320076334600647,
      "all": [
        0.09593267350768049,
        0.08157346545097728,
        0.084809622184063,
        0.09262484482799967,
        0.08888878005867203
      ]
    },
    "ell_nn2": {
      "mean": 0.24001257456839084,
      "se": 0.0002362086729583588,
      "ci_lo": 0.23962782459954424,
      "ci_hi": 0.2404628480505198,
      "all": [
        0.23989267026384672,
        0.2407464124262333,
        0.23983345553278923,
        0.24026227556169033,
        0.23932805905739465
      ]
    },
    "tau_rw": {
      "mean": 154.23114929452768,
      "se": 0.5414482696971962,
      "ci_lo": 153.43228793817903,
      "ci_hi": 155.28049429877856,
      "all": [
        153.5765987512221,
        156.19407879537067,
        154.59264845620902,
        153.2275866515718,
        153.56483381826473
      ]
    },
    "tau_rw_1e": {
      "mean": 131.1904273158279,
      "se": 0.6716496561271339,
      "ci_lo": 130.12426409269844,
      "ci_hi": 132.5706945520347,
      "all": [
        129.70892810595512,
        133.49107638660374,
        131.55533906069905,
        130.00667122570044,
        131.19012180018112
      ]
    },
    "tau_rw_window_limited": {
      "mean": 0.0,
      "se": 0.0,
      "ci_lo": 0.0,
      "ci_hi": 0.0,
      "all": [
        0.0,
        0.0,
        0.0,
        0.0,
        0.0
      ]
    },
    "tau_rel": {
      "mean": 7.0702879715627365,
      "se": 0.09136848963000435,
      "ci_lo": 6.904253523563192,
      "ci_hi": 7.2250543465532555,
      "all": [
        7.233611573885421,
        7.262569726209047,
        6.783912089910686,
        6.938437335231184,
        7.132909132577344
      ]
    },
    "tau_rel_1e": {
      "mean": 4.531287449441119,
      "se": 0.033299329942687785,
      "ci_lo": 4.465281372202999,
      "ci_hi": 4.568194305660446,
      "all": [
        4.571633655117908,
        4.553856045498568,
        4.39860487052906,
        4.565361542006359,
        4.566981134053699
      ]
    },
    "tau_rel_window_limited": {
      "mean": 0.0,
      "se": 0.0,
      "ci_lo": 0.0,
      "ci_hi": 0.0,
      "all": [
        0.0,
        0.0,
        0.0,
        0.0,
        0.0
      ]
    },
    "tau_cage": {
      "mean": 15.856959083271104,
      "se": 0.04117477267609596,
      "ci_lo": 15.778248790756189,
      "ci_hi": 15.929023963298544,
      "all": [
        15.756953700056417,
        15.790300195068308,
        15.956118082833882,
        15.951340779853535,
        15.830082658543372
      ]
    },
    "tau_cage_window_limited": {
      "mean": 0.0,
      "se": 0.0,
      "ci_lo": 0.0,
      "ci_hi": 0.0,
      "all": [
        0.0,
        0.0,
        0.0,
        0.0,
        0.0
      ]
    },
    "fr_n_tracks": {
      "mean": 0.0,
      "se": 0.0,
      "ci_lo": 0.0,
      "ci_hi": 0.0,
      "all": [
        0.0,
        0.0,
        0.0,
        0.0,
        0.0
      ]
    },
    "fr_mean_lifetime": {
      "mean": 0.0,
      "se": 0.0,
      "ci_lo": 0.0,
      "ci_hi": 0.0,
      "all": [
        0.0,
        0.0,
        0.0,
        0.0,
        0.0
      ]
    },
    "fr_median_lifetime": {
      "mean": 0.0,
      "se": 0.0,
      "ci_lo": 0.0,
      "ci_hi": 0.0,
      "all": [
        0.0,
        0.0,
        0.0,
        0.0,
        0.0
      ]
    },
    "fr_p90_lifetime": {
      "mean": 0.0,
      "se": 0.0,
      "ci_lo": 0.0,
      "ci_hi": 0.0,
      "all": [
        0.0,
        0.0,
        0.0,
        0.0,
        0.0
      ]
    },
    "fr_max_lifetime": {
      "mean": 0.0,
      "se": 0.0,
      "ci_lo": 0.0,
      "ci_hi": 0.0,
      "all": [
        0.0,
        0.0,
        0.0,
        0.0,
        0.0
      ]
    },
    "fr_tail_frac_ge_100": {
      "mean": 0.0,
      "se": 0.0,
      "ci_lo": 0.0,
      "ci_hi": 0.0,
      "all": [
        0.0,
        0.0,
        0.0,
        0.0,
        0.0
      ]
    },
    "fr_censored_frac": {
      "mean": 0.0,
      "se": 0.0,
      "ci_lo": 0.0,
      "ci_hi": 0.0,
      "all": [
        0.0,
        0.0,
        0.0,
        0.0,
        0.0
      ]
    },
    "fr_frames_with_clusters_frac": {
      "mean": 0.0,
      "se": 0.0,
      "ci_lo": 0.0,
      "ci_hi": 0.0,
      "all": [
        0.0,
        0.0,
        0.0,
        0.0,
        0.0
      ]
    }
  },
  "hysteresis": {
    "enabled": true,
    "D": [
      0.005,
      0.02,
      0.05,
      0.0738,
      0.1,
      0.15
    ],
    "phi_down": [
      0.4623918334643046,
      0.1930918941895167,
      0.12704830865065256,
      0.0865393728017807,
      0.06480063249667485,
      0.048504951099554695
    ],
    "phi_up": [
      0.5117978851000468,
      0.192145437002182,
      0.12396126985549927,
      0.08947994063297908,
      0.0660402278105418,
      0.0473981611430645
    ],
    "r1_down": [
      0.023024242992202442,
      0.036628098537524544,
      0.05026262874404589,
      0.057843575874964394,
      0.06298526128133138,
      0.06664219001928966
    ],
    "r1_up": [
      0.022544534876942635,
      0.036265081415573754,
      0.050521651903788246,
      0.05809605245788892,
      0.06262774517138799,
      0.06629061202208202
    ],
    "AH_phi": 0.0006232945437232648,
    "AH_r1": 4.745614739755812e-05
  }
}