{
  "noise": 0.005,
  "n_seeds": 5,
  "sim_cfg": {
    "N": 1024,
    "k": 3,
    "rho": 1.0,
    "v0": 0.05,
    "noise": 0.005,
    "dt": 1.0,
    "include_self_in_alignment": false,
    "dtype": "<class 'jax.numpy.float32'>",
    "L": 10.079368399158984
  },
  "exp_cfg": {
    "burnin_steps": 20000,
    "measure_steps": 50000,
    "max_lag": 8192,
    "dense_until": 128,
    "log_points": 48,
    "n_origins": 24,
    "lifetime_every": 1,
    "frustration_threshold": 0.5,
    "frustration_phi_threshold": 0.8,
    "cluster_overlap_threshold": 0.3,
    "nn_block": 1024,
    "eps": 1e-12
  },
  "scalars": {
    "phi_mean": {
      "mean": 0.4324378041860958,
      "se": 0.019760736379885235,
      "ci_lo": 0.39859771250436704,
      "ci_hi": 0.46153238316377,
      "all": [
        0.42479761069019634,
        0.46981064478556317,
        0.44852517421046895,
        0.45975772601862747,
        0.35929786522562307
      ]
    },
    "ell_nn2": {
      "mean": 0.06960795046761632,
      "se": 0.0005933206062462396,
      "ci_lo": 0.06853289337207873,
      "ci_hi": 0.0704346071719192,
      "all": [
        0.07043152349069715,
        0.07072869284699361,
        0.06984972208738327,
        0.06966779660433531,
        0.06736201730867226
      ]
    },
    "tau_rw": {
      "mean": 383.45782601521944,
      "se": 1.859297323918584,
      "ci_lo": 380.2207400711592,
      "ci_hi": 386.7638775979755,
      "all": [
        382.4053820156092,
        388.49883854532106,
        381.65987534443025,
        386.6629970094842,
        378.0620371612527
      ]
    },
    "tau_rw_1e": {
      "mean": 332.048098885117,
      "se": 1.3277379249346777,
      "ci_lo": 329.99458329050833,
      "ci_hi": 334.3926852058845,
      "all": [
        331.1884437075681,
        336.5288462047621,
        330.746219166821,
        333.13096814076806,
        328.6460172056656
      ]
    },
    "tau_rw_window_limited": {
      "mean": 0.0,
      "se": 0.0,
      "ci_lo": 0.0,
      "ci_hi": 0.0,
      "all": [
        0.0,
        0.0,
        0.0,
        0.0,
        0.0
      ]
    },
    "tau_rel": {
      "mean": 168.87201558802013,
      "se": 1.9083442802460953,
      "ci_lo": 166.06245508524248,
      "ci_hi": 172.9126093872963,
      "all": [
        168.44422684546203,
        167.07015305675495,
        168.3213227932486,
        164.55090812797377,
        175.9734671166614
      ]
    },
    "tau_rel_1e": {
      "mean": 166.75884924009637,
      "se": 1.85449638347931,
      "ci_lo": 163.85796302530957,
      "ci_hi": 170.41433686598774,
      "all": [
        165.66936639599385,
        168.13044955615223,
        164.38861712461028,
        162.42160724066673,
        173.18420588305872
      ]
    },
    "tau_rel_window_limited": {
      "mean": 0.0,
      "se": 0.0,
      "ci_lo": 0.0,
      "ci_hi": 0.0,
      "all": [
        0.0,
        0.0,
        0.0,
        0.0,
        0.0
      ]
    },
    "tau_cage": {
      "mean": 5.9945381930264965,
      "se": 0.08155662952042894,
      "ci_lo": 5.832969892862849,
      "ci_hi": 6.110132992679397,
      "all": [
        6.020693761231593,
        6.148201979720238,
        6.037902841109181,
        6.085365263004676,
        5.680527120066795
      ]
    },
    "tau_cage_window_limited": {
      "mean": 0.0,
      "se": 0.0,
      "ci_lo": 0.0,
      "ci_hi": 0.0,
      "all": [
        0.0,
        0.0,
        0.0,
        0.0,
        0.0
      ]
    },
    "fr_n_tracks": {
      "mean": 0.0,
      "se": 0.0,
      "ci_lo": 0.0,
      "ci_hi": 0.0,
      "all": [
        0.0,
        0.0,
        0.0,
        0.0,
        0.0
      ]
    },
    "fr_mean_lifetime": {
      "mean": 0.0,
      "se": 0.0,
      "ci_lo": 0.0,
      "ci_hi": 0.0,
      "all": [
        0.0,
        0.0,
        0.0,
        0.0,
        0.0
      ]
    },
    "fr_median_lifetime": {
      "mean": 0.0,
      "se": 0.0,
      "ci_lo": 0.0,
      "ci_hi": 0.0,
      "all": [
        0.0,
        0.0,
        0.0,
        0.0,
        0.0
      ]
    },
    "fr_p90_lifetime": {
      "mean": 0.0,
      "se": 0.0,
      "ci_lo": 0.0,
      "ci_hi": 0.0,
      "all": [
        0.0,
        0.0,
        0.0,
        0.0,
        0.0
      ]
    },
    "fr_max_lifetime": {
      "mean": 0.0,
      "se": 0.0,
      "ci_lo": 0.0,
      "ci_hi": 0.0,
      "all": [
        0.0,
        0.0,
        0.0,
        0.0,
        0.0
      ]
    },
    "fr_tail_frac_ge_100": {
      "mean": 0.0,
      "se": 0.0,
      "ci_lo": 0.0,
      "ci_hi": 0.0,
      "all": [
        0.0,
        0.0,
        0.0,
        0.0,
        0.0
      ]
    },
    "fr_censored_frac": {
      "mean": 0.0,
      "se": 0.0,
      "ci_lo": 0.0,
      "ci_hi": 0.0,
      "all": [
        0.0,
        0.0,
        0.0,
        0.0,
        0.0
      ]
    },
    "fr_frames_with_clusters_frac": {
      "mean": 0.0,
      "se": 0.0,
      "ci_lo": 0.0,
      "ci_hi": 0.0,
      "all": [
        0.0,
        0.0,
        0.0,
        0.0,
        0.0
      ]
    }
  },
  "hysteresis": {
    "enabled": true,
    "D": [
      0.005,
      0.02,
      0.05,
      0.0738,
      0.1,
      0.15
    ],
    "phi_down": [
      0.4623918334643046,
      0.1930918941895167,
      0.12704830865065256,
      0.0865393728017807,
      0.06480063249667485,
      0.048504951099554695
    ],
    "phi_up": [
      0.5117978851000468,
      0.192145437002182,
      0.12396126985549927,
      0.08947994063297908,
      0.0660402278105418,
      0.0473981611430645
    ],
    "r1_down": [
      0.023024242992202442,
      0.036628098537524544,
      0.05026262874404589,
      0.057843575874964394,
      0.06298526128133138,
      0.06664219001928966
    ],
    "r1_up": [
      0.022544534876942635,
      0.036265081415573754,
      0.050521651903788246,
      0.05809605245788892,
      0.06262774517138799,
      0.06629061202208202
    ],
    "AH_phi": 0.0006232945437232648,
    "AH_r1": 4.745614739755812e-05
  }
}